CountryID,Year,Water Source Type,Access to Clean Water percent,Water Treatment Method
1,2015,Lake,33.6,Filtration
2,2017,Well,89.54,Boiling
3,2022,Pond,35.29,None
4,2016,Well,57.53,Boiling
1,2005,Well,36.6,Filtration
5,2013,Tap,69.48,None
6,2022,River,55.43,Boiling
1,2024,Spring,44.17,None
3,2014,Well,71.66,None
4,2013,Well,55.44,Chlorination
2,2023,Well,41.68,Boiling
3,2021,River,79.01,Chlorination
3,2002,Pond,88.58,Chlorination
6,2023,Lake,49.16,Boiling
7,2022,Tap,43.05,Boiling
4,2018,River,35.27,Chlorination
8,2024,Pond,66.95,None
3,2011,Well,88.19,None
7,2001,Pond,47.56,Filtration
8,2002,River,62.24,None
4,2017,River,41.26,Boiling
9,2000,River,58.29,Boiling
5,2019,Lake,31.08,Filtration
7,2020,Spring,93.75,Boiling
10,2005,Tap,77.36,Chlorination
9,2004,Lake,53.3,Filtration
5,2000,Lake,91.68,Filtration
6,2018,Spring,42.81,None
1,2000,Lake,35.51,None
2,2020,River,95.98,Chlorination
10,2020,River,51.63,Chlorination
6,2015,Pond,95.52,None
4,2011,Well,74.63,None
6,2021,Lake,98.6,Chlorination
1,2007,Well,82.74,None
4,2015,Tap,37.38,Filtration
10,2000,River,89.66,Chlorination
1,2003,Pond,40.35,None
8,2009,Tap,78.45,Boiling
2,2010,Pond,65.03,Boiling
10,2016,Spring,79.54,Chlorination
8,2024,River,83.55,Boiling
5,2022,Tap,86.26,Boiling
10,2006,Spring,88.45,Filtration
5,2011,Tap,89.31,Chlorination
4,2020,Pond,58.88,Boiling
8,2006,Spring,92.25,None
2,2011,Spring,80.37,Chlorination
1,2014,River,88.73,Chlorination
3,2001,Well,99.24,Boiling
6,2013,Pond,38.15,Boiling
9,2012,Pond,55.94,Filtration
2,2003,Spring,86.46,None
8,2013,Spring,36.04,Filtration
3,2013,River,67.85,Filtration
2,2015,Well,90.09,None
8,2006,Pond,31.33,Boiling
7,2018,Lake,95.77,Filtration
7,2001,Lake,98.47,Chlorination
5,2009,Well,52.56,Filtration
2,2017,Tap,83.68,None
7,2016,River,38.9,Filtration
8,2004,Well,84.1,Filtration
5,2011,Lake,63.71,Chlorination
8,2005,Spring,90.22,None
5,2021,Lake,44.88,Chlorination
2,2008,Spring,77.09,Boiling
3,2019,River,85.03,None
1,2000,Spring,44.17,Filtration
10,2021,Well,87.28,Chlorination
3,2014,Spring,97.06,Chlorination
4,2020,Tap,73.13,None
8,2005,Well,84.94,Chlorination
4,2018,River,67.28,None
3,2017,Well,71.87,Boiling
5,2005,Tap,30.93,None
10,2012,River,66.7,None
10,2000,Lake,70.29,Boiling
9,2022,Tap,76.9,Boiling
10,2022,River,41.86,Filtration
1,2012,Spring,46.9,Chlorination
10,2006,Well,82.92,Boiling
3,2014,River,41.73,Boiling
9,2011,Well,59.12,Chlorination
3,2000,Spring,47.53,Chlorination
3,2014,River,68.16,Filtration
6,2003,Lake,99.08,Filtration
9,2012,Tap,89.64,None
3,2022,River,48.86,Filtration
6,2024,Spring,55.8,Boiling
6,2004,River,94.3,Boiling
9,2001,Well,92.88,Chlorination
4,2022,Pond,41.24,Filtration
5,2000,River,88.05,None
1,2015,Lake,50.83,None
5,2022,River,68.07,None
10,2005,Tap,30.36,None
1,2022,River,99.9,Chlorination
10,2015,Pond,83.28,Filtration
3,2013,Well,46.92,Filtration
8,2002,River,77.87,Filtration
9,2014,Lake,50.53,Filtration
1,2002,Spring,36.26,None
1,2022,River,59.77,None
3,2001,River,72.96,Chlorination
4,2000,Tap,36.28,Chlorination
6,2008,Lake,66.29,None
3,2008,Pond,66.04,Boiling
7,2022,Spring,74.01,Filtration
6,2006,Well,47.13,Chlorination
9,2002,River,31.44,None
6,2017,Pond,52.74,Filtration
4,2010,Spring,57.9,Filtration
6,2006,Well,74.5,None
9,2008,Pond,95.11,Boiling
4,2000,Lake,44.24,Boiling
5,2013,Lake,78.11,Chlorination
1,2019,Spring,36.82,None
1,2005,Well,43.34,Chlorination
10,2006,Lake,65.64,Boiling
5,2009,Spring,79.59,Chlorination
5,2006,Lake,90.1,Chlorination
6,2001,Lake,82.07,Boiling
1,2003,Pond,31.07,Filtration
9,2020,Pond,77.88,Filtration
2,2016,Lake,87.73,Boiling
2,2000,Tap,66.79,Filtration
4,2009,Pond,97.59,None
1,2018,Well,30.3,Filtration
1,2014,Spring,87.31,Boiling
2,2009,Spring,53.44,None
1,2018,Well,75.53,Chlorination
6,2011,Well,78.54,Boiling
7,2023,Well,51.44,Boiling
8,2015,Well,99.68,Filtration
5,2008,River,37.23,None
10,2014,Spring,40.99,Boiling
4,2016,River,92.45,None
7,2013,Lake,38.34,None
2,2017,Lake,56.69,Filtration
5,2001,Spring,81.32,Boiling
1,2003,Lake,85.4,None
10,2017,Well,96.83,None
1,2006,River,85.27,Chlorination
9,2012,Well,89.12,Filtration
9,2014,Lake,96.46,Boiling
10,2024,Pond,68.76,None
10,2022,River,54.04,Filtration
2,2021,Well,83.31,Boiling
10,2000,Spring,41.45,None
6,2010,Well,34.78,Boiling
1,2009,Pond,84.97,Boiling
7,2024,Lake,96.55,Filtration
3,2004,River,60.97,Filtration
10,2015,Spring,41.28,Chlorination
4,2010,River,64.79,Chlorination
9,2020,Spring,57.53,Chlorination
6,2005,River,56.07,None
5,2008,Lake,73.97,Chlorination
3,2012,Spring,42.23,Boiling
7,2023,Tap,56.63,Filtration
3,2007,River,90.81,Boiling
10,2013,River,81.08,Filtration
2,2023,Well,33.89,Filtration
9,2000,Spring,65.97,Boiling
9,2016,Pond,36.39,Boiling
5,2023,Tap,97.02,None
2,2004,Lake,47.12,Filtration
1,2024,Well,95.28,Chlorination
8,2001,Tap,88.38,None
6,2024,Spring,68.6,Chlorination
9,2023,Tap,53.54,None
4,2008,River,90.06,Filtration
9,2003,River,40.69,Boiling
3,2016,Well,42.6,Boiling
9,2016,Spring,45.73,Filtration
9,2020,Spring,71.84,Boiling
8,2017,Tap,52,Filtration
8,2015,Well,99.24,Filtration
7,2007,Spring,43.66,Filtration
1,2010,Pond,86.39,None
4,2020,Pond,36.71,Boiling
9,2020,River,54.74,None
9,2017,Tap,47.06,Chlorination
6,2022,Lake,98.38,Filtration
8,2023,River,31.8,Boiling
4,2009,Well,80.52,Chlorination
5,2012,Spring,47.34,Filtration
7,2016,River,86.79,Chlorination
1,2017,Lake,51.79,None
2,2009,Lake,43.11,None
1,2015,Pond,78.51,Boiling
3,2019,Well,48.03,Chlorination
9,2004,River,63.99,Chlorination
7,2012,Tap,39.21,None
3,2017,River,80.72,None
4,2016,Pond,58.48,Boiling
2,2008,Lake,39.84,Filtration
8,2013,Well,81.91,Boiling
7,2016,Well,37.24,None
7,2003,Tap,70.24,Boiling
9,2017,Well,72.52,Filtration
10,2019,Pond,95.12,None
7,2023,Pond,40.57,Filtration
6,2023,Pond,75.73,Boiling
2,2014,Well,56.65,Filtration
2,2010,Well,58.06,None
6,2011,Pond,65.13,None
5,2008,Well,46.36,Filtration
6,2012,Well,62.28,Boiling
6,2014,Lake,78.08,Boiling
2,2014,River,62,Boiling
1,2004,Spring,32.98,Boiling
2,2022,Well,48.05,Chlorination
10,2018,Spring,54.6,Chlorination
9,2019,Spring,54.83,Filtration
3,2024,Lake,35.67,Chlorination
1,2013,Well,61.47,Chlorination
8,2016,Pond,78.44,Chlorination
3,2017,Spring,33.41,Filtration
9,2020,Well,82.56,Chlorination
10,2002,Tap,96.86,Boiling
10,2001,Pond,30.65,Boiling
8,2000,Tap,43.56,Filtration
1,2009,Tap,68.04,Filtration
5,2018,Spring,45.26,Filtration
6,2016,Tap,83.52,None
1,2011,Lake,51.85,Chlorination
5,2000,Lake,50.55,Filtration
10,2011,Spring,30.06,Filtration
2,2016,Well,48.91,Filtration
9,2023,River,45.24,Boiling
8,2002,Well,54.03,Filtration
9,2010,Well,40.34,Boiling
4,2016,Well,71.63,Boiling
4,2022,Well,46.71,None
1,2002,Pond,88.22,Filtration
10,2007,River,49.92,None
10,2019,Pond,44.76,Filtration
6,2003,Tap,33.97,Chlorination
6,2020,Well,81.79,Filtration
6,2021,Lake,65.57,Filtration
2,2006,Spring,37.96,Filtration
3,2013,Spring,45.49,Filtration
7,2013,Pond,99.91,Filtration
3,2003,Pond,86.42,Filtration
9,2015,Lake,54.49,None
3,2023,Well,67.98,Chlorination
2,2021,River,59.12,None
9,2000,Tap,32.55,Chlorination
3,2016,Spring,84.51,None
2,2024,Tap,80.19,None
7,2009,River,58.62,Filtration
3,2021,Pond,89.21,None
2,2015,Spring,67.43,Chlorination
6,2015,Tap,34.56,Boiling
10,2007,Pond,48.16,Chlorination
6,2006,River,62.32,None
10,2005,Tap,37.24,Boiling
8,2015,Well,69.98,Filtration
8,2019,Pond,38.44,Boiling
8,2015,River,44.04,Filtration
7,2006,Tap,92.58,Chlorination
6,2008,Well,99.99,Boiling
10,2013,Well,68.52,Boiling
2,2010,River,73.38,Boiling
9,2013,Lake,85.82,Filtration
2,2006,Spring,78.73,Filtration
9,2000,River,42.77,Chlorination
4,2024,Well,58.82,Chlorination
2,2012,Well,67.46,None
3,2019,River,55.18,Filtration
3,2002,Lake,42.33,Chlorination
1,2019,Spring,81.53,Boiling
6,2003,Tap,43.92,Boiling
9,2010,River,48.23,Boiling
9,2001,Spring,50.06,Chlorination
6,2013,Spring,41.32,Boiling
7,2011,Pond,89.47,Boiling
1,2016,Well,72.74,Filtration
7,2011,Tap,88.43,Filtration
7,2011,River,64.56,Chlorination
7,2000,Well,66.37,Filtration
6,2012,Pond,73.13,None
7,2013,Pond,55.96,Chlorination
3,2023,Well,64.76,None
8,2001,Lake,68.28,None
4,2011,Spring,96.75,Chlorination
9,2020,River,91.8,Filtration
9,2015,River,39.05,Filtration
4,2003,River,32.89,Chlorination
6,2007,Well,77.62,None
2,2001,Lake,33.44,Chlorination
6,2009,Tap,34.22,Chlorination
9,2008,Pond,41.15,Boiling
9,2022,Well,54.62,Boiling
4,2014,Tap,60.45,None
7,2012,Pond,66.36,Filtration
6,2022,Pond,99.46,Boiling
10,2016,Lake,56.97,Boiling
4,2015,Spring,46.99,None
3,2001,River,70.27,Chlorination
9,2019,Tap,45.06,Boiling
4,2019,Well,95.84,Filtration
6,2013,Tap,48.15,None
9,2002,Spring,99.3,Boiling
2,2022,River,59.31,None
4,2011,Tap,86.89,Boiling
1,2007,Spring,75.38,Boiling
9,2001,Well,95.34,None
6,2003,Lake,73.78,Filtration
8,2013,Pond,70.69,Filtration
10,2015,Well,75.7,Chlorination
5,2018,River,85.05,Boiling
7,2001,Pond,92.92,Chlorination
5,2011,Well,48.68,None
6,2013,Well,44.06,Chlorination
3,2005,Well,32.4,None
3,2012,Well,55.91,Filtration
8,2003,Pond,89.23,None
7,2021,River,34.89,None
1,2017,Spring,67.7,Chlorination
8,2011,Tap,78.64,Boiling
5,2019,Lake,88.58,Chlorination
8,2021,Tap,70.84,Filtration
5,2020,Tap,43.04,Filtration
9,2018,Lake,97.52,Filtration
3,2007,Pond,36.63,Boiling
9,2006,River,83.83,Chlorination
10,2015,Lake,36.06,None
7,2018,River,40.04,None
1,2005,Pond,92.88,Boiling
5,2019,Tap,82.72,Filtration
1,2020,River,55.59,Boiling
5,2010,Pond,74.71,None
6,2004,Pond,62.01,Filtration
8,2015,Spring,34.66,Boiling
10,2006,Lake,80.48,None
3,2004,Spring,83.43,None
5,2010,Tap,91.76,Boiling
1,2014,Lake,67.84,None
10,2002,Tap,77.12,Chlorination
2,2004,Spring,60.66,Chlorination
2,2022,Pond,52.32,Filtration
9,2020,Tap,58.82,Chlorination
3,2004,Lake,93.82,Chlorination
6,2008,Lake,41.49,Boiling
1,2014,Tap,47.39,Filtration
8,2002,Lake,72.43,Boiling
8,2005,Pond,38.14,Boiling
1,2016,Pond,92.43,Chlorination
7,2020,Lake,33.31,Chlorination
6,2007,Tap,82.87,None
10,2020,Spring,56.16,None
5,2024,Lake,33.58,Filtration
7,2010,Lake,89,Chlorination
5,2005,Lake,74.83,None
5,2007,Lake,30.62,Boiling
7,2009,Tap,48.73,Chlorination
9,2023,Spring,54.64,Filtration
2,2002,Spring,52.58,Filtration
5,2022,River,64.88,Boiling
7,2013,Lake,66.88,None
7,2022,Lake,57.77,Boiling
4,2013,River,53.22,None
9,2009,Spring,65.31,Chlorination
3,2011,Well,32.35,Filtration
4,2005,Pond,75.16,None
4,2011,Well,72.42,Boiling
1,2022,Spring,49.55,Chlorination
2,2013,Lake,42.57,None
7,2001,Well,35.11,Chlorination
2,2008,Tap,71.11,Chlorination
6,2009,Tap,69.82,Boiling
1,2016,River,67.33,Boiling
3,2016,Spring,98.99,Chlorination
2,2002,Spring,67.21,Chlorination
8,2018,Well,80.53,None
5,2000,Lake,37.9,Boiling
6,2011,Spring,50.93,None
9,2006,Well,49.28,Filtration
3,2003,Well,70.32,None
6,2009,Pond,53.16,Chlorination
5,2012,Pond,74.87,Filtration
1,2001,Spring,78.31,None
5,2009,Well,32.36,Filtration
4,2020,River,74.78,Boiling
5,2021,River,38.18,None
4,2024,Pond,62.56,None
1,2003,Spring,80.86,Boiling
10,2017,Lake,79.23,None
4,2004,River,50.99,Filtration
9,2018,River,49.07,Boiling
5,2001,Pond,60.82,Filtration
5,2011,Pond,43.21,None
9,2016,Spring,98.23,None
8,2009,Pond,54.14,None
7,2001,Tap,94.61,None
10,2005,Well,93.58,Filtration
3,2007,River,55.54,None
4,2018,Tap,47.79,Boiling
9,2010,Lake,83.96,Boiling
1,2024,Tap,46.06,Chlorination
4,2011,Spring,66.49,Boiling
7,2008,Lake,37.75,Chlorination
1,2001,Lake,57.02,Boiling
6,2007,Pond,35.47,Boiling
5,2010,Tap,49.84,None
6,2020,Spring,76.57,Boiling
4,2003,River,99.39,None
7,2009,Pond,47.84,None
10,2020,Tap,63.13,Boiling
4,2019,River,61.36,Filtration
9,2015,Tap,42.89,None
2,2007,Pond,72.7,Boiling
4,2003,River,80.73,Filtration
5,2009,Pond,40.31,Boiling
5,2011,Tap,83,Boiling
4,2013,Lake,79.01,Filtration
1,2015,Well,43.81,Boiling
2,2021,Lake,75.43,None
9,2017,Pond,57.56,Chlorination
4,2020,Pond,77.68,Chlorination
1,2021,Pond,64.73,Boiling
5,2020,River,33.37,Chlorination
5,2011,Spring,85.09,Chlorination
7,2017,Pond,68.89,Chlorination
4,2006,Lake,80.74,None
2,2019,Well,38.83,None
8,2023,Pond,80.49,Chlorination
2,2022,Pond,58.96,Filtration
5,2006,Pond,85.95,Filtration
5,2008,River,71.94,Filtration
6,2000,Pond,54.84,None
5,2005,Lake,44.13,None
9,2005,Tap,87.11,None
3,2021,Spring,69.21,None
4,2011,Pond,99.12,Chlorination
2,2021,River,56.14,None
3,2011,Lake,78,Chlorination
1,2009,Pond,73.6,Filtration
8,2022,River,74.63,Chlorination
9,2005,Tap,81.59,Filtration
2,2016,Well,39.74,None
3,2018,Pond,68.48,Filtration
8,2017,Lake,65.64,Filtration
6,2005,River,53.98,Chlorination
9,2023,River,60.53,Filtration
9,2018,Pond,66.32,Boiling
6,2009,River,52.46,Filtration
4,2023,Well,50.52,None
6,2007,River,81.68,Filtration
9,2020,Spring,34.68,Boiling
9,2023,Spring,51.91,Chlorination
3,2005,River,75.76,Filtration
5,2020,Pond,44.61,Boiling
8,2024,Spring,70.06,None
6,2006,Lake,51.15,None
8,2023,Spring,89.03,Chlorination
6,2000,River,54.5,None
1,2017,Pond,46.07,Boiling
9,2023,Tap,67.11,Filtration
5,2024,Pond,39.5,Boiling
3,2019,Pond,85.82,Chlorination
5,2011,Pond,77.6,Filtration
5,2015,Lake,83.94,Boiling
5,2009,Well,57.92,Chlorination
8,2009,River,88.45,Chlorination
6,2013,Well,64.55,Filtration
10,2024,Tap,36.63,Filtration
1,2019,Well,45.68,None
2,2009,River,79.77,None
5,2009,River,92.75,Filtration
4,2024,Tap,36.66,None
8,2010,River,90.5,Filtration
3,2022,Tap,85.93,None
2,2001,Tap,54.96,Boiling
10,2024,River,78.25,Chlorination
4,2019,Spring,43.09,Filtration
10,2007,Tap,86.94,Filtration
2,2022,River,76.01,Filtration
5,2006,Spring,60.72,Boiling
4,2007,Tap,90.52,Chlorination
10,2000,Spring,39.75,None
3,2020,Lake,89.2,None
6,2001,Pond,31.67,Chlorination
9,2017,Lake,82.72,None
6,2014,Spring,70.14,Filtration
2,2000,Tap,78.77,Chlorination
8,2004,River,58.86,Boiling
9,2001,Well,90.51,Chlorination
1,2019,River,51.92,Filtration
3,2002,Well,49.25,Chlorination
1,2018,Well,51.12,Boiling
4,2017,Tap,84.21,Boiling
9,2021,Spring,64.67,Chlorination
1,2017,River,67.6,Chlorination
1,2013,Spring,88.22,None
10,2023,Lake,88.34,None
6,2007,Tap,41.32,Filtration
10,2011,Tap,68.48,None
9,2020,Lake,38.82,Filtration
9,2009,River,90.8,Filtration
2,2022,Pond,88.59,Chlorination
10,2019,Lake,89.45,None
7,2016,River,79.34,Boiling
6,2010,Well,62.68,Boiling
9,2001,Tap,58.33,Chlorination
2,2003,River,57.67,Boiling
10,2000,Spring,34.63,Boiling
6,2014,Spring,96.42,Chlorination
10,2012,Tap,61.52,Boiling
1,2007,Lake,95.11,Chlorination
2,2024,Pond,91.55,Filtration
6,2003,Lake,88,None
5,2009,River,71.18,Boiling
4,2018,Lake,37.11,Chlorination
4,2017,Tap,52.67,Boiling
6,2004,River,72.25,None
10,2018,Well,30.94,Boiling
2,2022,Lake,32.98,Filtration
4,2021,Lake,77.44,Chlorination
2,2015,Pond,92.17,None
4,2000,River,89.86,Filtration
1,2011,Spring,41.77,Boiling
10,2023,Lake,93.79,Boiling
1,2001,Tap,78.74,Boiling
4,2020,Lake,80.14,None
5,2024,Pond,51.28,Chlorination
5,2007,Well,80.12,None
1,2017,Pond,79.68,Filtration
5,2024,Lake,71.63,Chlorination
4,2015,Spring,55.01,None
6,2004,Lake,86.77,Boiling
1,2021,River,95.63,Filtration
8,2012,Lake,90.89,Boiling
10,2018,Spring,47.01,None
5,2002,River,61.2,Filtration
5,2007,Tap,53.97,Chlorination
9,2011,River,79.52,Chlorination
7,2001,Pond,88.2,None
1,2010,Well,45.11,None
3,2011,Pond,96.31,Chlorination
5,2017,River,77.41,Chlorination
10,2012,Tap,45.29,None
8,2004,Lake,55.98,Chlorination
5,2021,River,37.32,Filtration
8,2011,Pond,71.79,None
4,2001,River,41.84,Filtration
4,2004,River,78.52,Boiling
7,2006,River,81.61,Filtration
6,2023,Tap,63.55,None
3,2011,Spring,36.57,Boiling
9,2015,Spring,72.76,Chlorination
7,2022,River,56.05,Filtration
2,2007,Tap,96.48,Filtration
9,2008,Tap,65.92,None
1,2014,River,35.06,Chlorination
10,2004,Pond,74.52,None
2,2012,Pond,84.55,Chlorination
2,2004,Well,41.24,None
7,2010,River,61.43,Chlorination
6,2009,Well,82.02,Boiling
7,2019,Pond,31.43,None
1,2012,Pond,32.03,Boiling
5,2008,River,77.38,None
5,2020,Well,80.76,None
6,2013,Well,89.21,None
1,2017,River,57.97,Filtration
6,2014,Well,57.28,None
8,2009,Lake,68.67,Chlorination
5,2023,Pond,83.01,Filtration
2,2006,Spring,74.87,Chlorination
3,2007,Tap,52.91,Chlorination
10,2002,Well,54.26,Chlorination
1,2014,Well,83.41,Chlorination
9,2015,Tap,67.43,Chlorination
6,2003,Well,36.86,Boiling
10,2020,Tap,40.71,Filtration
9,2005,River,89.58,Chlorination
10,2000,Lake,99.92,Boiling
3,2003,Lake,53.5,Boiling
9,2010,Pond,57.07,Chlorination
7,2011,Spring,40.81,None
4,2004,Well,46.5,Chlorination
7,2022,Spring,59.72,Boiling
5,2020,River,49.91,Chlorination
4,2015,Lake,79.1,Boiling
7,2012,River,67.65,Chlorination
4,2012,River,87.56,Boiling
4,2016,Well,80.72,Chlorination
2,2006,River,38.97,None
6,2007,Lake,38.64,None
6,2012,Spring,92.7,Boiling
2,2022,Lake,87.37,None
10,2015,Well,62.75,None
8,2003,Lake,39.13,Filtration
10,2007,Tap,92.9,Chlorination
9,2015,Spring,46.15,Chlorination
9,2020,Tap,32.49,None
4,2009,Tap,94.7,None
7,2024,Pond,86.63,Boiling
7,2011,Well,78.54,Chlorination
6,2011,River,32.38,Filtration
1,2004,Tap,66.99,Filtration
10,2015,Lake,75.75,None
5,2000,River,83.15,Boiling
3,2008,Lake,62.98,Boiling
7,2011,Lake,96.73,Chlorination
3,2004,River,47.13,None
4,2021,River,34.88,None
3,2019,Lake,53.29,Boiling
5,2021,Well,76.33,Filtration
2,2023,Spring,81.6,Filtration
5,2002,Pond,81.69,Chlorination
3,2004,Spring,37.75,None
5,2001,Well,91.96,None
8,2013,Pond,49.66,Filtration
4,2001,River,44.69,None
10,2012,Pond,73.01,None
2,2006,Lake,44.83,Boiling
7,2009,Spring,65.56,Chlorination
9,2012,Pond,58.49,Chlorination
10,2015,Lake,46.24,Chlorination
9,2013,Well,50.44,Boiling
4,2010,Pond,59.92,Chlorination
2,2009,Lake,54.23,Chlorination
6,2005,Well,56.71,Filtration
7,2003,River,81.48,Filtration
8,2020,Well,41.79,Chlorination
6,2000,Well,73.93,Boiling
4,2006,Spring,77.47,Boiling
10,2023,Lake,86.15,Boiling
8,2008,Pond,89.31,None
5,2007,Spring,41.11,None
3,2004,Tap,39.68,Boiling
8,2018,Well,73.03,Filtration
4,2009,Tap,82.98,None
1,2010,Spring,49.06,Boiling
3,2024,Lake,66.81,None
9,2014,Spring,84.06,None
7,2005,Lake,83.73,None
9,2014,Lake,75.77,None
8,2004,River,35.52,Boiling
9,2018,Well,33.55,None
4,2021,Spring,57.19,Chlorination
5,2018,Lake,31.87,Boiling
10,2009,Spring,93.29,Boiling
7,2011,Spring,31.41,Boiling
9,2021,Lake,32.07,None
9,2003,Pond,41.57,Boiling
8,2017,Tap,73.89,Filtration
10,2015,Well,67.91,Chlorination
6,2007,Well,76.16,Filtration
9,2003,Pond,92.55,Chlorination
4,2024,River,61.85,Chlorination
1,2022,Pond,33.07,None
7,2011,River,83.44,Chlorination
9,2001,River,86.84,Chlorination
4,2003,Pond,33.49,Filtration
4,2004,Well,47,Chlorination
7,2002,Tap,83.94,Boiling
6,2008,Well,56.33,Boiling
4,2020,Well,63.09,Chlorination
1,2017,Well,87.62,Boiling
4,2010,Pond,36.62,None
4,2002,Pond,77.41,Boiling
4,2024,Pond,45.05,None
5,2022,Well,34.39,Chlorination
5,2001,Tap,76.37,None
6,2008,River,38.5,None
9,2013,Spring,82.29,Chlorination
4,2003,River,44.19,Chlorination
10,2008,River,33.4,None
9,2012,Spring,36.95,Filtration
6,2017,Well,88.89,Chlorination
2,2014,Tap,55.97,Chlorination
9,2009,Tap,51.16,Filtration
9,2015,River,64.38,Boiling
3,2011,Spring,74.31,Filtration
8,2019,Lake,32.6,Boiling
3,2004,Well,92.87,Filtration
1,2001,River,97.09,None
5,2009,Tap,59.21,Chlorination
5,2000,Pond,58.88,Filtration
8,2006,Pond,91.5,Chlorination
7,2016,Spring,60.05,Boiling
7,2015,Spring,89.93,None
6,2023,River,31.98,Chlorination
8,2002,Lake,64.28,Filtration
9,2013,Tap,96.67,Filtration
7,2009,River,47.7,None
4,2021,Lake,48.63,Boiling
10,2006,Spring,74.11,None
9,2016,Pond,94.83,None
1,2005,Well,43.91,Chlorination
4,2022,Pond,94.52,Boiling
4,2021,Tap,76.41,None
8,2003,Tap,99.51,Chlorination
6,2016,Pond,81.55,Chlorination
1,2008,Pond,76.75,Boiling
7,2003,Lake,87.04,Boiling
8,2006,River,42.26,Chlorination
7,2022,Spring,96.22,Boiling
8,2001,Lake,41.59,Chlorination
8,2016,Well,31.8,Boiling
8,2023,Pond,78.85,Boiling
6,2007,Well,42.92,Boiling
8,2022,Well,83.11,Filtration
2,2014,Lake,85.65,Boiling
10,2014,Spring,46.57,Filtration
7,2007,Tap,36.07,Chlorination
9,2015,River,65.06,None
3,2018,Tap,92.32,None
1,2010,Spring,89.31,None
5,2001,Tap,38.2,Chlorination
6,2022,Pond,97.53,Boiling
9,2023,Pond,48.48,Filtration
4,2016,Lake,54.46,Chlorination
2,2015,Well,40.43,None
5,2024,Spring,56.45,None
3,2014,Spring,74.49,None
9,2012,Tap,65.43,None
5,2014,Lake,87.93,Filtration
9,2003,Tap,74.89,None
2,2015,Tap,48.45,Filtration
3,2011,Spring,69.02,None
4,2003,Tap,34.49,Chlorination
8,2002,Well,70.66,Filtration
7,2021,Tap,57.28,Filtration
4,2016,Well,36.89,Chlorination
8,2021,Spring,51.52,None
6,2017,Lake,92.87,None
10,2024,Pond,71.02,Boiling
1,2017,Well,93.23,Boiling
1,2022,Lake,58.76,Filtration
7,2016,Lake,98.52,Boiling
3,2011,Well,55.2,Chlorination
2,2022,Spring,82.98,Chlorination
3,2020,River,51.38,Chlorination
2,2023,Lake,37.42,Filtration
3,2003,Lake,88.31,Chlorination
10,2011,Spring,83.38,Filtration
6,2022,Spring,87.44,Filtration
6,2021,Tap,50.98,Chlorination
8,2020,Spring,79.26,Chlorination
5,2019,Lake,45.39,Filtration
6,2014,Well,30.79,Chlorination
6,2022,River,90.65,Boiling
4,2015,Tap,66.65,Filtration
4,2004,Well,98.86,None
8,2020,River,56.95,Filtration
5,2014,River,96.98,Chlorination
7,2016,River,73.05,Chlorination
4,2017,Pond,65.85,Filtration
7,2004,Well,51.2,Filtration
9,2012,Tap,87.77,None
4,2018,Tap,88.02,None
10,2012,River,59.19,Filtration
5,2017,Well,80.91,Chlorination
8,2013,Pond,61.31,Filtration
9,2003,River,81.78,Boiling
5,2003,Spring,99.59,Boiling
10,2019,Tap,48.37,Chlorination
5,2019,Lake,74.38,Filtration
10,2018,River,56.59,Filtration
10,2012,Spring,68.39,Boiling
7,2011,Tap,91.19,Filtration
3,2006,Pond,54.33,Chlorination
9,2024,Well,35.07,Chlorination
5,2011,Tap,85.93,None
2,2020,Well,68.85,Chlorination
9,2003,Well,61.46,Filtration
3,2001,Pond,42.83,Filtration
9,2001,Pond,36.5,Boiling
6,2004,River,49.51,Boiling
2,2022,River,80.32,Chlorination
3,2009,Tap,58.82,None
7,2009,Pond,69.92,Filtration
5,2008,Spring,35.74,None
1,2012,Tap,38.63,Filtration
3,2006,Lake,30.79,Chlorination
8,2004,Well,77.13,Chlorination
5,2009,Well,48.51,Boiling
3,2009,River,97.68,None
6,2005,Spring,51.59,Boiling
1,2018,Pond,55.45,Chlorination
6,2020,Pond,62.86,None
1,2007,River,52.34,Filtration
8,2000,Lake,87.22,Boiling
5,2016,Tap,91.33,Chlorination
7,2006,Tap,30.77,Filtration
6,2013,Spring,75.83,Chlorination
6,2020,River,78.03,Filtration
10,2020,River,97.3,Boiling
1,2016,Lake,55.93,Filtration
4,2008,Tap,43.67,None
5,2016,River,66.44,Filtration
1,2004,Pond,61.33,Chlorination
10,2024,Spring,85.42,Filtration
9,2019,Tap,93.28,Boiling
1,2007,Lake,36.07,Chlorination
7,2005,Spring,89.26,Chlorination
5,2010,Well,93.63,Chlorination
10,2018,Pond,94.69,Chlorination
9,2003,Lake,83.5,None
2,2017,Spring,81.95,Chlorination
10,2000,River,31.04,Chlorination
2,2012,Well,94.41,Chlorination
5,2013,Lake,54.61,Boiling
6,2023,River,32.88,Boiling
10,2000,Pond,58.91,Chlorination
8,2010,Well,81.3,None
2,2016,Tap,60.94,Filtration
7,2003,River,83.06,None
8,2011,Spring,65.66,Chlorination
3,2009,Lake,50.96,Chlorination
3,2005,Well,44.2,None
9,2024,River,59.48,Chlorination
6,2000,Tap,32.51,Filtration
5,2006,Lake,59.58,Boiling
10,2020,Lake,34.8,Filtration
4,2015,River,91.39,Filtration
7,2023,Tap,70.28,Filtration
2,2013,Pond,75.22,None
5,2022,Pond,50.22,None
8,2019,Well,45.81,Filtration
3,2019,River,79.55,None
7,2005,Well,77.01,Chlorination
4,2021,Pond,38.59,Boiling
10,2024,Lake,46.7,None
9,2004,Well,96.26,None
4,2023,Tap,51.29,Filtration
7,2020,Spring,31.81,Boiling
4,2017,Pond,34.46,Chlorination
7,2014,Pond,84.28,Chlorination
7,2005,Tap,83,Boiling
1,2024,Well,56.73,Chlorination
2,2018,River,40.72,Boiling
3,2000,Lake,64.87,Filtration
1,2000,Spring,53.23,Chlorination
10,2012,River,56.18,Chlorination
1,2002,River,48.27,Boiling
6,2009,Tap,34.4,Chlorination
6,2020,Well,85.38,None
3,2002,Pond,73.28,Filtration
4,2008,Pond,88.42,Chlorination
2,2007,Tap,65.22,Chlorination
3,2002,Well,98.95,Chlorination
7,2024,Tap,97.38,Boiling
8,2012,Pond,49.02,Filtration
2,2005,River,57.09,Filtration
2,2012,Lake,82.69,Chlorination
7,2022,Well,84.36,Chlorination
7,2019,Spring,93.75,Boiling
9,2019,Spring,75.68,Filtration
3,2011,River,63.26,None
7,2012,Tap,56.44,Chlorination
6,2001,Tap,59.34,None
10,2020,Pond,89.53,None
8,2023,River,98.6,Filtration
3,2022,Pond,33.63,None
5,2015,Pond,70.62,Chlorination
6,2022,Spring,66.4,Chlorination
4,2005,Pond,56.33,Boiling
7,2018,Pond,89.61,Filtration
5,2020,Spring,70.3,Filtration
7,2012,Tap,51.92,None
2,2016,Well,61.09,Chlorination
6,2022,Lake,54.98,Chlorination
2,2008,Pond,60.11,Boiling
9,2016,Well,34.99,None
2,2001,Spring,37.83,Chlorination
9,2018,Well,73.66,Filtration
9,2018,Lake,77.88,Boiling
5,2023,Well,74.56,Filtration
7,2006,Well,83.42,Boiling
4,2021,Well,96.05,Filtration
2,2009,Well,90.24,None
6,2009,River,59.3,Chlorination
9,2019,Pond,45.23,Filtration
7,2008,Spring,51.83,None
8,2016,Lake,71.14,Filtration
3,2014,Spring,89.93,None
5,2001,River,79.12,Boiling
4,2003,River,68.01,None
1,2018,River,72.13,Filtration
5,2016,Pond,66.98,Chlorination
8,2004,River,98.01,Boiling
3,2006,Well,87.13,Boiling
8,2017,Spring,84.69,None
2,2020,Tap,66.21,Filtration
9,2021,Lake,53.23,None
4,2006,River,31.37,Boiling
10,2016,Spring,33.04,Chlorination
9,2006,River,32.12,None
10,2003,Pond,98.63,Filtration
3,2007,River,38.01,None
7,2012,River,39.95,None
1,2003,River,63.89,None
6,2005,River,63.7,Chlorination
9,2024,Lake,94.4,Filtration
4,2004,Spring,35.15,Filtration
8,2011,Pond,97.01,Boiling
4,2003,River,45.15,Boiling
3,2023,River,97.91,None
10,2008,River,67.89,Boiling
8,2003,River,75.64,Filtration
6,2018,Well,52.1,None
6,2023,Well,72.83,Boiling
9,2013,Tap,79.76,Chlorination
3,2004,River,30.73,Boiling
7,2017,Tap,32.4,Chlorination
3,2009,Lake,99.05,Boiling
10,2024,Tap,62.03,Filtration
4,2018,Spring,95.51,Boiling
6,2011,Well,81.09,Chlorination
4,2017,Well,56.11,Chlorination
4,2016,River,40.56,Boiling
4,2023,River,98.47,None
6,2010,Lake,70.91,Chlorination
5,2002,Pond,43.46,Filtration
2,2022,Lake,77.72,Boiling
10,2016,Spring,36.44,Chlorination
5,2000,River,90.76,Boiling
10,2014,River,36.31,Boiling
8,2008,Lake,46.53,None
3,2014,Lake,36.4,Boiling
3,2023,Lake,37.27,Boiling
1,2002,Well,66.67,Boiling
3,2021,Tap,78.09,Filtration
6,2018,Tap,85.19,Boiling
7,2012,River,78.65,Filtration
9,2011,Well,55.44,Boiling
1,2019,Lake,69.01,None
9,2000,River,94.94,None
10,2020,Well,57.13,Chlorination
9,2016,Spring,47.67,Boiling
9,2012,Pond,66.35,None
1,2000,Well,50.81,None
8,2009,River,48.33,Boiling
4,2014,Tap,84.52,Chlorination
3,2006,Lake,92.36,Filtration
3,2021,Pond,65.16,None
6,2017,Spring,84.58,None
1,2015,Pond,43.1,Filtration
6,2013,Pond,68.34,None
7,2017,Well,74.53,Filtration
7,2006,River,64.35,Filtration
6,2016,River,38.18,Chlorination
1,2017,Pond,81.39,Filtration
6,2011,Lake,88.74,Filtration
3,2007,River,74.47,Filtration
5,2021,Pond,41.84,Filtration
2,2001,River,35.22,None
9,2006,Lake,51.11,Filtration
2,2003,Spring,32.59,None
1,2017,Pond,88.75,Boiling
2,2005,Tap,79.21,Boiling
7,2008,Tap,69.46,Filtration
10,2008,Pond,92.27,Chlorination
9,2013,Well,37.71,Chlorination
4,2007,Spring,80.01,None
1,2018,Well,40.26,None
9,2002,Tap,34.26,Boiling
2,2017,Lake,39.3,None
7,2004,Pond,96.57,Chlorination
8,2013,River,60.83,Boiling
5,2003,Tap,33.43,Filtration
4,2006,Spring,70.85,None
5,2019,Tap,43.98,Filtration
9,2024,Spring,30.48,None
7,2011,Spring,83.09,Chlorination
7,2001,Pond,40.84,None
2,2010,Spring,95.97,Chlorination
3,2013,Well,71.5,Chlorination
2,2021,Lake,36.09,Filtration
3,2022,Tap,45.25,None
3,2015,Lake,72.76,Filtration
4,2019,River,53.67,Chlorination
2,2005,Tap,67.25,Chlorination
8,2022,Lake,85.97,Chlorination
6,2003,Lake,85.48,Chlorination
6,2014,Pond,78.86,Boiling
2,2023,Pond,92.02,Chlorination
2,2024,River,43.96,None
5,2000,Spring,42.41,Chlorination
4,2006,Tap,85.95,Boiling
2,2024,Pond,52.46,None
5,2011,Tap,65.85,Boiling
3,2009,River,82.08,Boiling
7,2004,Pond,57.72,None
7,2011,Pond,39.11,Boiling
3,2017,Spring,77.56,Chlorination
1,2009,Tap,87.2,Filtration
5,2005,Tap,30.9,Filtration
5,2011,Tap,69.38,Filtration
3,2006,Spring,62.86,None
8,2017,Pond,48.17,None
10,2001,River,41.27,None
9,2009,Tap,43.16,Filtration
3,2014,Lake,80.75,Filtration
2,2011,Spring,67.53,None
2,2016,Well,98.68,Filtration
4,2003,River,47.03,Boiling
3,2006,Lake,96.98,Boiling
4,2008,Tap,66.06,Filtration
3,2018,Well,40.22,None
5,2022,River,40.37,Chlorination
9,2006,Spring,72.6,Chlorination
5,2022,Well,88.2,Filtration
10,2001,Pond,82.34,Chlorination
7,2005,Well,75.89,None
6,2017,Lake,42.05,Boiling
3,2005,River,37.58,Boiling
10,2012,Lake,30.02,None
7,2018,Lake,37.13,Chlorination
1,2001,Tap,83.65,Filtration
9,2011,Spring,92.67,Boiling
4,2014,Well,46.82,Chlorination
4,2013,River,85.64,Chlorination
5,2005,Pond,43.92,Boiling
2,2017,Spring,47.45,Boiling
7,2004,Spring,45.69,Filtration
1,2017,River,33.62,None
10,2002,Spring,43.58,Chlorination
9,2002,Tap,56.15,Filtration
7,2021,Spring,58.38,Boiling
1,2021,Tap,51.66,None
6,2009,Well,66.03,None
3,2018,Well,56.46,Chlorination
4,2002,Lake,97.93,None
10,2011,Tap,86.51,Boiling
4,2015,Pond,95.17,Boiling
10,2016,Well,69.02,Boiling
5,2006,Spring,77.48,Filtration
2,2012,River,41.67,Boiling
10,2023,River,82.7,Filtration
4,2001,Tap,46.52,Boiling
5,2003,Pond,40.21,Boiling
10,2009,Lake,32.93,None
6,2006,Spring,63.06,Chlorination
2,2023,Tap,50.08,Boiling
10,2016,River,99.07,None
5,2019,Tap,47.49,None
7,2005,Spring,90.66,Chlorination
8,2018,Pond,52.15,None
1,2004,Pond,82.44,None
8,2009,Well,76.19,Chlorination
8,2008,Spring,69.32,Filtration
9,2012,Well,59.18,Chlorination
6,2018,Well,76.98,Chlorination
7,2020,Well,58.51,Boiling
3,2023,Tap,68.37,Boiling
10,2005,River,71.29,Filtration
1,2003,Pond,48.71,Chlorination
2,2023,Tap,53.78,Chlorination
7,2002,River,31.26,Filtration
4,2002,Pond,89.65,Boiling
3,2003,Spring,82.92,Chlorination
9,2024,Pond,42.85,Filtration
9,2004,Pond,55.34,Boiling
7,2007,Pond,59.47,None
5,2015,Lake,53.41,Filtration
8,2021,Spring,85.88,Filtration
4,2002,Tap,80.78,Chlorination
9,2023,Tap,83.7,None
1,2011,River,93.29,Boiling
9,2024,Tap,71.66,None
2,2007,Well,73.02,Chlorination
10,2012,Pond,80.54,Chlorination
9,2003,Tap,77.69,Boiling
2,2013,River,90.89,Boiling
7,2013,River,83.91,Boiling
7,2012,Well,38.43,Chlorination
3,2005,River,94.99,Boiling
9,2016,Lake,77.82,Boiling
1,2003,Pond,38.9,Boiling
9,2007,Pond,84.04,Filtration
1,2016,Pond,55.09,Boiling
6,2002,Spring,86.42,Chlorination
3,2016,Tap,96.88,Filtration
6,2008,Lake,47.87,Chlorination
9,2001,Tap,90.02,None
3,2024,Lake,84.15,Filtration
6,2012,Tap,76.98,Boiling
8,2019,Well,56.94,Filtration
9,2001,River,37.69,Chlorination
6,2019,River,63.87,Filtration
8,2010,Well,37.4,None
8,2021,Lake,65.01,Boiling
7,2014,Spring,87.42,Boiling
9,2010,Lake,99.83,None
8,2022,River,43.86,Chlorination
7,2002,Spring,44.55,Filtration
6,2002,Tap,86.76,Chlorination
2,2011,Spring,62.83,Chlorination
9,2023,Lake,94.11,Chlorination
3,2004,Well,83.83,Boiling
1,2019,Tap,81.55,Filtration
1,2006,Lake,37.14,Boiling
6,2006,Tap,32.51,Boiling
5,2012,Spring,52.17,Boiling
5,2008,River,45.21,Filtration
6,2024,Lake,79.86,None
8,2020,Well,61.55,Boiling
9,2012,Spring,66.62,Boiling
1,2011,Lake,86.96,Boiling
1,2012,Well,63.5,Filtration
8,2023,Lake,68.14,Filtration
1,2009,Spring,88.96,Chlorination
3,2000,Lake,60.19,Boiling
9,2024,Tap,35.82,Boiling
10,2007,Spring,66.52,Filtration
1,2021,Lake,70.56,Filtration
6,2015,River,65.83,Boiling
3,2012,Lake,48.06,None
1,2002,Tap,45.66,Chlorination
3,2002,Well,55.88,Chlorination
7,2023,Well,41.64,Boiling
10,2004,Well,76.62,Chlorination
4,2010,River,73.03,Chlorination
6,2006,Tap,74.27,Boiling
6,2020,Spring,45.74,Chlorination
9,2023,Well,47.26,Filtration
3,2009,Tap,85.12,Boiling
8,2009,Lake,78.31,Filtration
6,2019,River,91.26,Boiling
3,2001,Tap,58.25,Filtration
3,2002,Tap,68.31,Chlorination
2,2007,Spring,81.71,None
2,2010,Tap,98.19,Filtration
4,2012,Spring,99.27,Filtration
7,2006,River,99.94,None
4,2012,River,92.34,None
1,2001,Lake,74.78,Filtration
8,2005,Spring,30.49,Filtration
1,2008,Spring,78.97,Filtration
5,2019,Well,46.7,Boiling
1,2024,Well,34,Filtration
9,2001,Lake,78.8,Filtration
1,2017,River,82.92,None
4,2015,Pond,76.16,None
6,2024,Well,55.56,Boiling
6,2011,Tap,65.77,Boiling
2,2006,River,95.45,Chlorination
8,2006,Pond,81.07,Filtration
8,2016,Tap,65.33,Filtration
9,2012,Spring,71.54,None
4,2010,River,94.94,Chlorination
2,2005,Lake,57.56,Filtration
5,2022,Spring,37.13,Chlorination
8,2013,Spring,52.81,Boiling
6,2005,Tap,59.06,Filtration
1,2005,Spring,49.11,Filtration
1,2001,Well,67.03,Boiling
2,2021,River,51.34,Filtration
4,2019,Well,37.22,Boiling
4,2024,Tap,43.16,Boiling
7,2014,Pond,94.27,Chlorination
10,2016,Tap,74.07,None
8,2007,River,52,None
4,2004,Spring,55.68,Boiling
6,2016,Lake,64.54,Chlorination
2,2019,Tap,77.12,Boiling
5,2000,River,70.75,Chlorination
7,2021,Lake,95.29,Chlorination
3,2017,Spring,73.8,None
9,2014,Pond,93.76,None
5,2004,Tap,30.38,Chlorination
3,2006,Pond,92.34,None
1,2017,River,80.5,Chlorination
9,2005,Pond,42.05,Filtration
8,2021,Pond,48.41,Boiling
6,2020,River,68,None
9,2004,River,38.75,Boiling
10,2018,Tap,84.98,None
3,2009,Pond,85.38,Boiling
8,2014,Lake,51.07,Boiling
10,2009,River,34.89,None
1,2015,Spring,99.22,None
10,2011,Pond,47.55,None
7,2017,River,34.73,None
7,2022,Lake,53.1,Chlorination
2,2000,Tap,97.83,None
5,2015,Pond,85.5,None
5,2021,River,63.62,None
8,2005,River,51.37,Filtration
1,2002,Spring,59.63,Boiling
4,2001,Spring,31.22,None
7,2001,Pond,80.29,None
8,2012,River,36.98,Boiling
4,2008,Pond,66.33,Boiling
5,2015,River,69.61,Chlorination
2,2004,Spring,30.12,Boiling
10,2022,Lake,98.59,Boiling
7,2020,Well,51.15,Filtration
8,2006,Well,35.41,Chlorination
9,2012,River,89.81,Filtration
4,2019,Spring,40.64,Boiling
10,2023,Tap,31.75,None
7,2012,Tap,64.63,Chlorination
5,2006,Well,39.09,Boiling
1,2009,Lake,98.77,Boiling
4,2014,Well,30.73,None
5,2020,River,33.58,None
7,2005,Lake,88.33,None
4,2004,Tap,46.78,Chlorination
10,2022,Spring,93.81,Filtration
7,2001,Spring,51.78,Chlorination
3,2020,River,34.88,None
8,2014,Well,30.74,Chlorination
10,2015,River,49.78,None
4,2018,Spring,63.16,Filtration
1,2008,Tap,30.07,Chlorination
5,2021,Spring,70.68,Filtration
9,2018,Lake,53.36,Filtration
5,2006,Pond,57.31,None
4,2003,Spring,48.3,Chlorination
5,2002,Spring,67.03,Chlorination
8,2023,Pond,46.11,Filtration
7,2019,Lake,39.44,None
9,2010,Well,92.35,Filtration
6,2000,Spring,57.34,Filtration
4,2005,River,35.39,Filtration
2,2010,Spring,46.12,Filtration
6,2000,River,51.7,Chlorination
5,2020,Lake,83.88,Boiling
4,2006,Spring,31.56,Chlorination
3,2005,Lake,63.48,None
2,2013,Lake,58.54,Boiling
9,2001,Well,97.79,Filtration
1,2003,Spring,42.61,Chlorination
3,2010,River,73.95,Boiling
6,2014,River,44.15,Filtration
7,2017,Spring,68.39,Chlorination
8,2000,Pond,68.85,Boiling
1,2002,Well,35.27,Chlorination
3,2002,Well,61.95,Boiling
7,2006,Well,62.28,None
7,2000,River,52.34,Chlorination
4,2024,Lake,49.4,Chlorination
3,2010,Pond,45.7,Boiling
9,2005,Well,30.42,None
5,2019,River,30.13,Chlorination
2,2002,River,71.29,None
2,2018,Lake,50.4,None
6,2001,Spring,41.75,Chlorination
6,2017,Spring,77.93,Filtration
2,2011,Well,67.02,Boiling
9,2009,Well,94.05,Chlorination
8,2004,Pond,88.17,None
10,2008,Lake,80.87,Boiling
5,2001,Well,38.86,Chlorination
8,2001,Lake,76.63,Boiling
4,2005,River,78.57,Boiling
10,2009,Well,83.43,None
10,2017,River,48.42,Filtration
3,2011,Tap,74.82,Filtration
9,2003,Lake,73.28,Boiling
9,2021,Tap,56.97,None
10,2020,Well,76.45,None
3,2016,River,36.07,Chlorination
5,2014,Well,75.05,Boiling
10,2005,Tap,72.42,Chlorination
1,2015,Well,44.74,None
6,2016,Pond,87.27,Boiling
6,2002,Spring,91.21,Filtration
8,2009,Tap,44.73,Filtration
4,2004,Well,35.32,Chlorination
6,2013,River,72.25,Boiling
7,2020,Well,63.59,None
8,2012,River,59.93,Chlorination
6,2005,Spring,83.27,Filtration
4,2011,Well,97.88,None
9,2007,Spring,63.44,Boiling
9,2004,Tap,30.43,Filtration
5,2014,River,71.74,None
10,2015,Pond,75.78,Filtration
1,2000,Tap,87.96,Boiling
9,2015,River,43.96,Chlorination
3,2004,Spring,66.7,None
6,2002,Lake,61.3,None
3,2019,Well,76.51,Boiling
4,2014,Spring,34.48,Filtration
9,2012,River,91.88,Filtration
1,2023,River,65.78,Filtration
4,2015,River,91.39,None
7,2022,River,53.82,None
7,2010,Well,75.75,Filtration
3,2020,Tap,96.97,None
10,2001,Pond,96.04,Chlorination
8,2021,Lake,96.09,Boiling
10,2005,Well,33.01,Boiling
5,2005,River,58.21,None
10,2013,Well,34.25,Chlorination
5,2024,Spring,51.66,Chlorination
5,2010,Pond,42.22,Filtration
1,2007,River,73.41,Boiling
9,2007,Lake,84.65,Boiling
1,2000,River,65.93,Boiling
5,2020,Pond,85.68,None
4,2006,Lake,30.9,Chlorination
7,2005,Pond,87.43,Filtration
5,2020,Lake,42.49,None
1,2007,Tap,62.27,Filtration
4,2018,Tap,60.98,None
1,2021,Well,91.12,Boiling
10,2020,Well,97.62,Filtration
6,2023,Lake,47.86,Chlorination
3,2019,River,34.72,Chlorination
8,2007,Spring,75.54,None
1,2013,Spring,65.2,Boiling
8,2017,River,69.6,None
2,2024,River,33.24,Filtration
1,2015,Tap,84.27,Chlorination
6,2008,Spring,46.26,Chlorination
8,2014,Lake,53.45,Chlorination
5,2009,Pond,45.98,Chlorination
1,2021,Well,96.22,Filtration
9,2015,Pond,41.81,Chlorination
3,2003,Tap,81.26,None
6,2019,Spring,47.2,Chlorination
8,2012,River,59.74,Filtration
6,2021,Spring,99.72,Boiling
4,2004,Lake,37.04,Boiling
3,2021,Tap,91.7,Chlorination
5,2006,River,96.22,Boiling
1,2022,Pond,78.88,Filtration
1,2008,Lake,30.7,Chlorination
1,2007,Pond,87.46,Filtration
3,2015,Well,91.76,Boiling
9,2005,Tap,98.67,Boiling
2,2015,Lake,88.75,Chlorination
7,2005,Lake,61.19,Boiling
10,2013,Pond,78.21,Chlorination
8,2020,River,63.96,Chlorination
9,2000,Well,54.71,None
5,2024,Pond,73.85,None
8,2008,Lake,83.89,None
1,2024,Tap,74.51,Filtration
6,2023,Lake,87.86,Boiling
5,2012,Spring,42.35,Boiling
8,2018,Tap,56.16,None
1,2016,Tap,51.88,Chlorination
8,2010,Lake,43.59,Chlorination
6,2007,River,61.02,Chlorination
1,2022,Tap,96.35,Chlorination
2,2004,Spring,67.66,Filtration
9,2009,Pond,50.05,Boiling
4,2006,River,54.78,None
10,2009,River,72.92,Filtration
3,2003,River,54.69,Boiling
10,2008,Tap,67.68,Filtration
5,2013,River,49.19,Chlorination
10,2001,Lake,54.22,Filtration
1,2024,River,79.4,Filtration
2,2008,Spring,70.92,Chlorination
4,2020,Well,36.54,Chlorination
9,2000,Spring,98.12,None
9,2022,Tap,33.45,None
6,2009,River,35.81,Boiling
3,2009,River,79.1,None
8,2019,Lake,79.56,None
2,2024,Pond,31.33,Boiling
8,2021,River,74.99,Filtration
4,2002,Spring,32.33,Filtration
10,2005,Tap,97.25,Filtration
9,2005,Well,78.73,Chlorination
4,2020,River,43.06,Boiling
10,2001,Well,41.07,Filtration
9,2017,River,69.88,None
10,2022,Tap,74.35,None
3,2001,Pond,88.19,None
2,2011,Spring,93.23,Boiling
5,2021,Tap,57.48,Boiling
4,2004,Well,89.09,None
4,2019,River,67.97,Chlorination
7,2006,Well,62.94,Chlorination
1,2023,Spring,78.93,Filtration
3,2015,Tap,37.22,Filtration
3,2019,Well,48.58,Filtration
8,2000,Well,87.17,Filtration
10,2000,Spring,65.29,Filtration
1,2016,River,93.56,Boiling
2,2000,Well,36.21,Boiling
2,2020,Spring,51.94,Chlorination
3,2019,River,54.89,Chlorination
2,2012,Pond,59.59,Boiling
7,2008,River,99.08,Chlorination
4,2014,Pond,51.75,None
6,2002,Tap,66.31,Chlorination
5,2013,Spring,67.52,None
8,2022,River,83.96,None
10,2010,Pond,66.25,Filtration
5,2023,Pond,72.4,Chlorination
10,2021,Tap,82.73,None
9,2011,Lake,37.08,Chlorination
5,2012,Spring,97.44,Chlorination
6,2012,Lake,89.24,Boiling
3,2000,River,57.21,Boiling
7,2023,Spring,80.99,Filtration
4,2009,Tap,83.36,Chlorination
4,2002,River,89.52,Boiling
7,2023,Spring,43.18,None
1,2003,Spring,79.26,None
9,2015,Lake,32.33,Filtration
10,2007,River,38.09,None
6,2015,Tap,84.32,Chlorination
2,2016,Tap,86.91,None
5,2018,River,71.47,Filtration
9,2021,River,70.72,Filtration
5,2014,Pond,82.47,None
6,2015,Well,93.43,Chlorination
8,2014,Lake,59.48,Boiling
8,2024,River,38.04,Chlorination
9,2001,River,88.73,Chlorination
3,2010,Well,53.92,Chlorination
6,2000,Well,39.37,None
6,2014,Spring,73.02,Boiling
7,2018,Tap,70.47,Chlorination
3,2003,Lake,63.2,Boiling
10,2010,Spring,90.19,Filtration
10,2004,River,49.06,Boiling
2,2002,Well,30.93,None
4,2012,Pond,52.64,Filtration
8,2009,Tap,30.68,Filtration
10,2010,Spring,68.05,Chlorination
3,2017,Pond,56.48,Boiling
6,2001,Tap,86.98,Filtration
10,2006,Pond,85.83,Filtration
6,2008,Well,60.42,Boiling
10,2009,Spring,45.15,Boiling
8,2017,Spring,59.57,Filtration
5,2022,Tap,74.89,Filtration
10,2006,Pond,43.31,Boiling
3,2006,Well,84.11,None
10,2002,River,53.14,Boiling
4,2011,Spring,95.25,None
8,2006,River,65.83,Filtration
3,2016,Well,89.3,Chlorination
7,2000,Spring,73.11,Boiling
3,2004,Spring,68.82,Filtration
4,2015,Pond,77.75,Filtration
5,2014,River,86.8,Chlorination
8,2001,Pond,75.12,Boiling
7,2008,Lake,85.81,Filtration
4,2006,River,43.33,None
4,2003,River,49.43,Chlorination
9,2019,Lake,46.08,None
8,2017,Well,85.88,Boiling
3,2020,Well,36.03,None
6,2003,Spring,85.71,Chlorination
5,2012,Tap,57.23,Filtration
6,2000,Pond,35.57,Chlorination
3,2023,Tap,59.71,Filtration
3,2002,Spring,51.04,Filtration
8,2015,Tap,71.44,None
3,2021,River,63.08,Chlorination
9,2003,River,50.77,Chlorination
7,2024,Lake,90.36,Filtration
3,2022,Lake,58.48,Chlorination
6,2024,Spring,62.95,Boiling
3,2015,Spring,89.26,Boiling
9,2018,Spring,36.23,None
10,2000,River,57.29,None
10,2004,Tap,58.2,Chlorination
4,2018,Pond,64.71,None
5,2021,Spring,37.43,Chlorination
2,2023,Spring,37.19,None
7,2010,River,59.15,Boiling
1,2012,Pond,32.31,Filtration
4,2019,River,47.85,Filtration
5,2004,Pond,44.08,Boiling
10,2020,River,64.26,Filtration
6,2003,Tap,30.78,Chlorination
1,2003,Spring,77.3,Chlorination
5,2003,Well,89.89,Boiling
5,2003,Well,79.47,Boiling
4,2019,Spring,87.27,Boiling
1,2020,Spring,75.03,Boiling
8,2017,Spring,65.52,Filtration
2,2017,Spring,45.33,Filtration
8,2015,Pond,49.57,Filtration
1,2008,Tap,52.24,Chlorination
8,2017,Well,32.66,None
9,2021,Lake,93.92,Chlorination
10,2001,Well,93.02,None
9,2020,Well,37.54,Boiling
3,2003,River,68.97,Boiling
8,2011,Spring,62.73,Filtration
3,2006,Spring,77.84,Filtration
6,2014,Spring,72.21,None
7,2006,River,38.7,None
6,2021,Tap,76.21,Filtration
1,2020,Tap,72.62,Boiling
5,2016,Lake,67.19,Filtration
10,2015,Tap,58.17,Boiling
8,2018,Tap,96.84,Boiling
4,2008,Spring,89.46,Chlorination
7,2013,Pond,70.96,Chlorination
2,2016,Well,30.45,None
2,2004,Tap,60.25,Boiling
2,2001,Tap,79.02,Filtration
8,2019,River,38.21,Boiling
2,2015,Lake,58.46,None
9,2013,Pond,43.42,Boiling
7,2013,River,53.67,Boiling
9,2000,Spring,31.87,None
5,2002,Well,38.87,Boiling
7,2006,Lake,61.83,Chlorination
9,2014,River,92.87,None
7,2018,Tap,64.34,Chlorination
5,2019,Tap,61.72,None
3,2001,Lake,85.13,Boiling
8,2018,Tap,48.75,Chlorination
8,2008,River,36.65,Chlorination
2,2018,River,44.67,Filtration
6,2004,Tap,85.39,Chlorination
2,2017,Tap,77.39,Chlorination
1,2015,Spring,36.41,Boiling
9,2003,Well,76.7,Chlorination
7,2011,Lake,95.21,Chlorination
6,2006,River,33.15,Chlorination
5,2013,Lake,73.15,Boiling
1,2022,Spring,56.54,None
5,2011,River,65.07,Boiling
8,2002,Spring,66.97,Chlorination
8,2004,Spring,83.97,None
2,2016,Pond,68.99,Boiling
9,2009,Tap,71.52,Boiling
6,2009,Pond,53.3,None
10,2010,Lake,38.82,Filtration
1,2016,Lake,77.79,Chlorination
1,2004,Tap,30.03,Filtration
2,2012,Pond,53.01,Chlorination
8,2009,Lake,45.26,Chlorination
2,2008,Pond,57.2,Filtration
7,2016,Tap,51.79,Filtration
6,2000,River,79.3,Chlorination
9,2003,Spring,48.21,None
3,2003,Spring,69.25,None
4,2017,Pond,61.9,Filtration
4,2008,Lake,86.07,Filtration
2,2024,Pond,59.97,Boiling
7,2017,Pond,90.47,None
6,2013,Well,30.01,None
10,2024,Spring,72.34,Chlorination
4,2014,Tap,30.69,Boiling
6,2005,Pond,79.98,Chlorination
9,2023,Well,46.44,Boiling
5,2009,Well,56.6,None
7,2014,Spring,56.63,Chlorination
8,2003,Spring,89.25,Boiling
6,2017,Spring,37.15,Chlorination
9,2017,Tap,76.68,Boiling
10,2024,Well,98.69,Filtration
3,2016,Lake,31.57,Chlorination
8,2011,Tap,97.61,Filtration
3,2006,River,31.29,Boiling
10,2015,Pond,88.88,Chlorination
9,2010,Spring,97.29,Boiling
4,2013,Well,99.51,Boiling
3,2002,Pond,62.14,Filtration
8,2018,Tap,90.69,Chlorination
2,2017,River,38.56,None
1,2009,Tap,59.78,Boiling
6,2005,Tap,51.56,Filtration
4,2012,Lake,57.66,None
3,2009,Pond,79.14,Filtration
5,2017,Lake,36.12,Filtration
6,2019,Tap,99.87,Filtration
2,2015,River,74.45,Boiling
10,2024,Well,91.15,None
1,2024,Well,88.08,Boiling
9,2005,Pond,83.62,Boiling
2,2012,Spring,32.75,Chlorination
2,2003,Spring,66.15,None
10,2022,Well,52.97,Chlorination
7,2013,Tap,37.91,Filtration
10,2000,Tap,54.01,None
7,2019,Lake,75.14,None
7,2004,Pond,46.14,Boiling
4,2007,Lake,61.12,Filtration
4,2011,Spring,58.31,Boiling
8,2001,Well,33.67,Chlorination
3,2011,Tap,73.97,Filtration
3,2004,Well,73.32,Boiling
9,2021,River,97.65,Boiling
3,2004,Well,50.86,Boiling
4,2012,River,59.33,Filtration
8,2008,Lake,58.25,Chlorination
8,2009,Lake,94.38,None
7,2000,Spring,58.61,Boiling
10,2002,Well,60.99,Filtration
9,2017,Well,47.66,None
7,2011,River,30.08,Boiling
10,2002,Lake,37.73,Filtration
3,2024,River,79.27,Chlorination
7,2008,Lake,77.77,Boiling
6,2001,River,52.58,Filtration
3,2002,Lake,63.11,Boiling
10,2013,River,50.82,Filtration
9,2003,Lake,81.16,Chlorination
10,2024,Pond,88.97,Chlorination
7,2018,River,92.94,Filtration
7,2012,Well,42.17,None
2,2006,Spring,78.65,Chlorination
9,2011,Pond,97.41,Boiling
5,2002,Pond,75.54,Chlorination
3,2022,River,54.57,Boiling
8,2022,Spring,74.52,Chlorination
9,2008,Well,78.19,Chlorination
8,2001,Pond,57.79,Boiling
9,2021,Well,37.28,Chlorination
9,2008,Lake,72.47,Boiling
10,2011,Spring,86.15,Boiling
9,2011,Tap,99.83,Chlorination
2,2014,Lake,45.61,Chlorination
5,2001,Spring,79.03,Boiling
7,2017,River,31.96,Filtration
1,2012,River,97.89,Chlorination
8,2013,Well,30.88,None
7,2004,Pond,55.12,Chlorination
1,2009,Tap,35.35,Filtration
5,2011,River,73.47,Filtration
5,2009,Spring,53.76,Chlorination
8,2023,Pond,81.31,Chlorination
8,2010,Pond,64.05,None
5,2024,Spring,59.36,Chlorination
1,2001,Pond,54.4,Filtration
9,2004,River,36.03,None
3,2006,Spring,44.34,Chlorination
6,2005,Spring,74.74,None
7,2021,Well,64.77,None
10,2022,Tap,34.91,Filtration
7,2002,Well,68.08,Filtration
10,2012,Tap,33.79,Boiling
1,2002,Spring,65.82,Filtration
10,2024,Pond,97.55,Boiling
8,2023,Tap,51.51,Filtration
3,2020,Spring,80.65,Filtration
3,2005,Spring,82.19,Boiling
8,2010,Well,58.34,Boiling
2,2016,Well,71.53,Boiling
1,2009,Pond,63.04,None
2,2011,Lake,49.84,Boiling
2,2016,River,82.83,None
7,2003,Lake,79.2,None
5,2001,Lake,93.04,Boiling
7,2010,Pond,73.27,Boiling
5,2006,Tap,57.21,Boiling
6,2001,Pond,79.98,Filtration
10,2017,Pond,73.33,Filtration
5,2020,Spring,73.16,Boiling
8,2003,Spring,89.49,Chlorination
7,2007,Spring,93.73,Boiling
1,2019,River,42.62,Chlorination
10,2013,Tap,51.98,Filtration
6,2011,Tap,75.52,Filtration
5,2021,Spring,69.01,Chlorination
6,2020,Lake,75.66,Filtration
1,2017,River,60.31,Boiling
2,2010,Lake,58.87,Chlorination
3,2007,Well,38.24,Chlorination
1,2001,Tap,73.66,None
4,2024,Tap,42.3,Filtration
1,2014,Lake,76.97,Chlorination
6,2008,River,97.7,Chlorination
8,2018,Tap,47.95,Chlorination
7,2019,Lake,39.95,Filtration
8,2007,Pond,31.69,Chlorination
6,2024,Pond,56.52,Chlorination
7,2018,River,45.02,Boiling
4,2004,Lake,64.43,Boiling
3,2010,Pond,66.7,None
10,2014,River,54.45,Chlorination
6,2007,Spring,82.49,Filtration
5,2018,River,93.34,None
6,2022,Well,44.81,None
6,2007,Spring,88.54,None
7,2018,Lake,39.18,Chlorination
9,2017,Spring,46.01,None
1,2009,Spring,69.3,Filtration
9,2006,Lake,51.46,Boiling
4,2008,Lake,32.92,Boiling
5,2000,Pond,50.64,Chlorination
3,2018,Well,93.34,Filtration
2,2004,Lake,42.2,Filtration
4,2018,Tap,83.46,Filtration
2,2000,Tap,80.56,Chlorination
2,2014,Well,37.44,Filtration
3,2015,River,53.06,Boiling
8,2022,River,43.25,Filtration
9,2006,Tap,31.62,Filtration
6,2011,Lake,42.11,Chlorination
10,2007,Well,44.11,None
2,2004,River,41.62,None
5,2009,River,36.38,Chlorination
4,2020,Spring,66.84,Chlorination
8,2004,Tap,52.58,Chlorination
2,2016,Lake,93.58,Chlorination
8,2004,Well,43.1,Filtration
8,2021,River,72.2,Filtration
2,2014,Spring,93.04,None
7,2012,Tap,33.3,Chlorination
1,2000,Tap,66.14,Chlorination
5,2010,Well,61.55,Filtration
6,2022,River,95.01,Chlorination
6,2000,Well,76.46,Boiling
5,2010,Well,54.44,Filtration
7,2017,Pond,79.81,Boiling
6,2017,Spring,70.79,Filtration
8,2020,Tap,54.3,Filtration
3,2015,Pond,84.97,Filtration
4,2012,Lake,76.77,None
9,2006,Tap,30.38,None
6,2000,Tap,90.56,Filtration
5,2015,Spring,57.8,Filtration
3,2000,Lake,75.18,Filtration
2,2016,River,57.77,Filtration
1,2005,Lake,91.7,Chlorination
5,2001,River,75.56,Chlorination
8,2016,Lake,70.56,Chlorination
1,2005,Well,98.62,None
4,2013,Lake,49.64,Boiling
4,2017,Pond,34.57,Filtration
7,2005,Pond,66.12,Chlorination
10,2009,Spring,59.68,Chlorination
7,2023,River,61.8,Chlorination
3,2017,Tap,73.41,Filtration
1,2008,Spring,73.06,Filtration
10,2007,Pond,57.46,Boiling
2,2009,Pond,90.4,None
8,2016,River,75.6,Boiling
1,2022,Pond,92.29,Filtration
7,2005,Pond,93.92,Boiling
9,2013,River,41.71,Chlorination
10,2021,Pond,77.64,Boiling
10,2021,Tap,52.23,Chlorination
8,2005,Well,88.55,Boiling
6,2006,Spring,81.3,Chlorination
4,2011,Tap,43.91,Boiling
4,2002,Tap,95.71,None
9,2013,Well,77.84,Boiling
3,2021,Spring,96.4,Filtration
3,2018,Tap,44.13,Filtration
2,2022,Pond,90.88,Chlorination
1,2015,Well,76.77,Filtration
5,2006,Spring,68.66,Chlorination
6,2007,Lake,87.44,None
7,2017,River,74.3,Filtration
5,2024,Pond,76.87,Filtration
5,2012,Well,47.76,Chlorination
10,2020,River,87.19,None
9,2008,Lake,75.52,None
4,2009,Tap,89.11,Boiling
2,2020,Tap,54.61,Chlorination
3,2022,Spring,53.22,Chlorination
9,2008,Well,31.67,None
10,2014,Well,83.8,Chlorination
7,2019,Spring,53.12,Filtration
2,2001,River,52.9,Filtration
10,2024,Tap,78.21,Filtration
4,2012,Tap,47.7,Chlorination
4,2001,Well,93.63,Boiling
4,2018,Well,67.66,Boiling
9,2001,Spring,97.86,None
9,2002,Lake,35.37,Chlorination
3,2005,River,53.58,None
3,2002,Pond,56.7,Chlorination
7,2009,Lake,81.13,Boiling
2,2023,Lake,44.91,Filtration
8,2005,Well,56.27,Chlorination
8,2022,Well,93.74,Boiling
10,2015,Well,38.02,Boiling
4,2016,Lake,82.17,Boiling
2,2018,River,79.17,Filtration
5,2002,Well,39.14,Boiling
9,2017,Tap,78.19,None
1,2006,River,69.88,Boiling
6,2008,Tap,50.13,Boiling
7,2019,River,51.78,Chlorination
4,2011,Well,88.31,Chlorination
4,2004,Pond,46.17,Chlorination
4,2002,Spring,65.89,Boiling
9,2010,Well,77.68,Boiling
9,2024,Lake,39.09,None
6,2003,Pond,95.26,Filtration
5,2004,Lake,48.24,Boiling
2,2000,River,52.32,Filtration
4,2017,Lake,76.63,Boiling
8,2011,Pond,35.47,Filtration
3,2012,Pond,73.93,Chlorination
8,2008,Well,94.12,Boiling
10,2001,Tap,47.44,None
8,2004,Well,55.33,Filtration
10,2012,River,46.26,Chlorination
1,2015,Lake,87.31,None
3,2015,Tap,41.73,Chlorination
8,2023,Spring,54.26,Boiling
1,2002,Pond,72.07,None
7,2021,Tap,58.32,Filtration
2,2003,Tap,34.58,Filtration
1,2010,Well,96.34,None
2,2022,Spring,53.65,Filtration
8,2013,Pond,61.2,Chlorination
5,2002,River,41.73,None
1,2015,River,90.57,Filtration
3,2021,Tap,50.4,Chlorination
8,2014,Tap,31.39,Filtration
4,2009,Lake,52.15,Chlorination
9,2008,Spring,98.88,Boiling
1,2010,Pond,40.28,Chlorination
3,2015,Tap,32.18,Filtration
7,2009,Lake,70.47,Chlorination
4,2016,Spring,56.02,Filtration
7,2018,Pond,85.65,None
8,2001,River,81.23,None
9,2023,Lake,42.98,Boiling
1,2022,Spring,69.52,Chlorination
1,2001,Lake,32.27,Boiling
5,2005,Tap,60.76,None
5,2018,Well,79.98,Chlorination
8,2007,River,59.05,Chlorination
8,2002,Tap,38.26,Boiling
9,2013,Tap,34.31,Boiling
5,2024,Spring,89.76,Chlorination
3,2015,Lake,92.39,Chlorination
3,2000,River,54.02,Chlorination
9,2020,Tap,41.49,Boiling
3,2002,Spring,98.5,Filtration
10,2021,River,68.21,None
2,2017,Lake,63.37,None
9,2008,Tap,81.91,Boiling
9,2005,Pond,41.82,Chlorination
6,2022,Tap,70.6,None
4,2020,Tap,92.31,None
4,2024,River,31.61,None
10,2000,River,77.11,None
5,2020,River,68.6,Chlorination
8,2009,River,96.56,Boiling
8,2005,Spring,48.11,Chlorination
7,2022,Well,90.12,Chlorination
10,2011,Spring,51.63,None
9,2003,Tap,60.09,None
10,2012,Spring,44.93,Chlorination
10,2016,Lake,90.45,Chlorination
10,2007,Pond,43.68,Chlorination
4,2019,River,90.13,Filtration
10,2002,Lake,61.89,None
2,2011,Pond,88.46,Boiling
8,2006,Lake,48.51,Boiling
7,2011,Tap,39.29,Boiling
2,2001,River,68.85,Filtration
7,2023,Lake,65.66,Filtration
6,2013,Tap,54.96,Boiling
7,2021,River,76.4,Boiling
8,2022,Well,36.66,Boiling
8,2004,Tap,73.54,Chlorination
10,2008,Spring,44.82,None
1,2020,River,39.03,Filtration
6,2010,Lake,93.67,Filtration
9,2004,Pond,62.19,Chlorination
3,2002,Lake,83.44,Filtration
7,2016,Spring,36.24,Boiling
1,2001,Spring,34.02,Filtration
10,2023,Lake,64.64,Chlorination
4,2000,Pond,52.09,None
9,2006,River,30.34,Boiling
5,2013,Tap,42.83,Filtration
1,2004,Spring,45.31,Boiling
4,2018,Spring,50.2,None
6,2010,Spring,91.43,Filtration
10,2022,Pond,59.44,Boiling
9,2024,Well,77.56,Chlorination
9,2001,Pond,31.29,Chlorination
9,2007,River,86.97,None
6,2008,River,46.82,None
7,2002,River,51.63,None
5,2001,River,33.17,Filtration
6,2006,River,58.68,None
3,2004,Lake,89.68,Filtration
5,2020,Spring,56.51,Boiling
8,2004,Pond,93.6,Chlorination
10,2019,Lake,90.72,Boiling
6,2012,Pond,34.34,Chlorination
4,2020,Well,51.37,None
5,2019,Tap,93.73,Boiling
3,2005,Spring,32.09,Boiling
8,2019,Well,83.61,None
7,2017,Lake,93.45,Boiling
4,2024,Tap,83.93,Filtration
5,2001,Well,82.07,Chlorination
10,2024,Pond,89.03,None
4,2005,Tap,76.61,Filtration
8,2008,Pond,59.62,Filtration
4,2024,Well,34.39,None
2,2002,Lake,85.16,Boiling
1,2000,Pond,93.37,Chlorination
7,2000,Tap,65.81,Filtration
8,2018,Well,67.28,Boiling
4,2004,Pond,58.23,None
1,2012,Lake,89.98,None
1,2018,Spring,31.04,Chlorination
4,2011,Lake,73.72,None
10,2015,Lake,93.52,Chlorination
2,2024,Spring,37.23,None
6,2024,Lake,97.14,None
2,2018,Spring,97.74,Filtration
4,2002,Spring,95.09,Boiling
7,2011,Pond,62.38,Filtration
6,2004,Pond,56.81,Chlorination
8,2001,Spring,79.42,Filtration
2,2021,Well,52.31,None
4,2006,Tap,34.78,None
2,2012,Well,93.1,Boiling
6,2024,Spring,74.44,Chlorination
3,2014,Tap,44.5,None
5,2021,Pond,31.29,Boiling
2,2002,Tap,80.65,Boiling
8,2020,Spring,89.7,None
8,2019,Pond,58.4,None
9,2004,Tap,35.66,Chlorination
2,2023,Tap,75.4,Boiling
5,2007,Well,50.79,Boiling
10,2021,Tap,40.08,Boiling
1,2000,Spring,65.73,Chlorination
5,2007,River,63.73,Boiling
1,2023,River,66.17,Filtration
1,2017,River,87.68,Filtration
3,2019,Spring,63.92,Boiling
9,2015,River,93.04,Filtration
5,2017,Well,88.93,Filtration
5,2019,Spring,75.58,Chlorination
3,2011,Pond,33.98,Boiling
2,2012,Spring,90.55,Chlorination
2,2012,Spring,93.39,Boiling
2,2009,Tap,56.25,None
7,2006,Tap,66.83,Filtration
1,2024,Tap,49.67,Chlorination
7,2013,Lake,31.03,Chlorination
9,2023,Well,63.56,None
3,2015,Spring,39.06,None
5,2014,Spring,42.83,Filtration
1,2011,Tap,63.65,Filtration
7,2008,Spring,90.69,Boiling
7,2007,Pond,89.12,Boiling
4,2017,Spring,97.55,None
7,2022,River,63.79,Filtration
10,2017,Pond,68.64,Filtration
5,2012,Pond,87.55,None
10,2017,Spring,78.98,None
5,2014,Lake,42.8,Chlorination
3,2003,Tap,57.87,None
5,2016,Well,95.04,Chlorination
10,2004,Well,40.23,Boiling
5,2021,River,44.65,None
3,2015,Well,58.05,None
3,2008,Well,95.79,None
9,2009,Tap,37.97,Chlorination
5,2023,Tap,77.11,None
4,2017,Lake,39.25,None
2,2016,River,66.72,Filtration
8,2017,Well,67.56,Filtration
3,2006,Lake,32.98,Filtration
6,2003,River,96.79,None
2,2004,Pond,86.46,Filtration
1,2022,Well,51.2,Boiling
5,2015,Well,39.14,Filtration
10,2002,Tap,54.19,None
8,2017,Spring,92.6,Filtration
6,2022,River,39.29,Filtration
2,2020,Well,54.45,Filtration
5,2013,River,64.6,Boiling
9,2014,Lake,32.3,Boiling
1,2016,Lake,48.76,Chlorination
8,2000,Spring,71.69,None
4,2024,Well,52.68,Boiling
9,2020,Tap,90.94,Boiling
6,2016,Well,95.57,Boiling
8,2022,River,60.91,None
9,2024,Pond,67.24,Chlorination
1,2010,Lake,74.16,None
4,2016,River,76.52,Filtration
9,2013,Spring,34.43,Chlorination
7,2019,Lake,33.76,Filtration
4,2018,Tap,90.59,Boiling
6,2020,Lake,45.39,None
1,2006,Pond,70.89,Filtration
5,2023,Well,73.73,Chlorination
10,2012,Pond,41.51,Filtration
10,2017,Pond,83.31,Filtration
10,2022,Well,90.62,Boiling
8,2013,Lake,49.98,Filtration
6,2000,Spring,91.45,Filtration
1,2006,Well,35.67,Boiling
4,2007,Well,86.03,Chlorination
8,2017,Tap,74.81,Boiling
6,2008,Lake,70.82,Filtration
5,2000,Well,46.11,None
7,2021,Spring,55.33,Boiling
1,2016,River,93.72,Boiling
10,2018,Lake,62.6,Filtration
9,2005,Tap,71.61,None
1,2002,Pond,95.51,Chlorination
3,2023,Well,62.65,None
6,2004,Spring,57.18,Boiling
2,2001,Lake,92.52,None
5,2019,Spring,93.76,Chlorination
7,2024,Spring,54.82,None
5,2003,Pond,71.44,None
1,2009,Tap,97.46,None
2,2009,Lake,33.88,Boiling
3,2023,Well,32.79,Filtration
4,2020,Tap,66.16,Filtration
9,2010,Well,50.39,None
2,2015,River,70.73,Boiling
6,2016,Spring,80.7,Boiling
10,2015,River,34.84,Boiling
3,2006,Spring,91.77,Filtration
9,2015,Pond,49.38,Boiling
7,2002,Tap,56.69,None
10,2015,Well,53.59,Filtration
1,2007,Pond,88.79,Boiling
2,2011,Well,41.95,None
9,2002,Tap,32.01,Filtration
8,2016,Lake,98.03,Boiling
4,2020,River,98.64,Chlorination
4,2017,River,48.04,None
3,2010,Well,30.65,Chlorination
7,2003,Well,75.21,Filtration
3,2015,Well,75.39,Boiling
8,2016,Tap,95.82,None
6,2008,Lake,50.89,None
7,2005,River,43.27,None
5,2023,Pond,73.15,Chlorination
6,2019,Spring,69.46,Boiling
7,2024,Tap,80.24,Boiling
7,2001,River,91.96,Boiling
8,2008,Lake,69.18,Chlorination
1,2020,Tap,40.51,Filtration
8,2005,Pond,71.87,Chlorination
7,2002,River,56.19,Filtration
9,2019,Tap,61.69,Chlorination
6,2005,River,97.16,Boiling
8,2006,River,68.85,Boiling
1,2000,Lake,40.48,Boiling
2,2022,Spring,61.02,Chlorination
3,2000,Lake,45.99,None
7,2004,River,39.48,Chlorination
5,2005,Tap,79.86,Filtration
2,2012,Pond,74,Chlorination
4,2001,Lake,64.85,Filtration
10,2014,Spring,59.63,Chlorination
1,2014,River,52.56,None
5,2012,Pond,36.16,None
10,2024,Lake,50.95,Boiling
1,2013,Lake,88.69,None
9,2021,Lake,84.86,Chlorination
3,2006,Lake,98.06,None
2,2013,Pond,75.92,Boiling
6,2023,Tap,68.75,Chlorination
1,2009,Spring,50.72,Filtration
6,2016,Spring,35.38,Chlorination
3,2013,River,73.26,Boiling
7,2007,Well,64.17,None
4,2003,Tap,83.14,None
2,2015,River,58.83,Chlorination
3,2023,River,98.99,Filtration
3,2012,Lake,57.83,Filtration
9,2021,Well,53.32,Filtration
10,2024,Well,90.97,Filtration
4,2019,Tap,57.69,Chlorination
2,2017,Well,90.96,None
7,2013,River,31.91,Filtration
7,2017,Well,78.48,Chlorination
8,2004,Well,35.03,Chlorination
3,2008,Spring,40.38,Chlorination
1,2002,River,79.01,Filtration
9,2007,Pond,50.28,Filtration
4,2019,Well,44.73,Chlorination
7,2021,Well,86.11,Chlorination
2,2009,Lake,96.24,Chlorination
8,2021,Well,46.27,None
2,2018,Well,52.2,None
9,2020,Spring,79.99,Boiling
1,2002,River,87.07,Boiling
8,2010,Tap,99.94,Filtration
8,2010,River,49.14,None
10,2016,Lake,68.96,Boiling
4,2015,River,39.38,Chlorination
8,2006,Well,53.16,Chlorination
10,2003,Lake,33.15,Filtration
10,2022,River,44.76,Filtration
9,2018,Lake,65.46,Boiling
6,2011,Tap,41.46,Chlorination
2,2014,River,92.26,Filtration
1,2010,Pond,79.72,Filtration
5,2004,Well,31.94,None
2,2004,Lake,91.37,Boiling
8,2014,Pond,98.41,Filtration
1,2017,Pond,65.13,Boiling
7,2010,Spring,52.02,Chlorination
6,2011,Lake,48.44,Boiling
7,2001,Pond,36.12,Filtration
7,2019,Spring,64.41,None
4,2014,Pond,33.51,Boiling
2,2019,Well,65.27,Boiling
5,2003,Tap,47.68,Chlorination
9,2021,Spring,63.35,None
5,2017,Tap,59.29,Boiling
7,2005,Lake,51.36,None
8,2022,Well,61.4,Filtration
6,2018,Spring,63.18,None
3,2010,Lake,88.36,Filtration
5,2023,Pond,76.6,Chlorination
7,2001,River,60.32,Chlorination
6,2007,Lake,93.37,Chlorination
1,2010,Tap,82.9,Filtration
2,2004,Well,35.3,Boiling
10,2017,Well,40.76,Filtration
4,2022,Lake,35.72,None
6,2017,Pond,52.32,None
8,2013,River,60.5,Filtration
8,2021,Tap,65.3,Chlorination
6,2009,Lake,89.6,Chlorination
8,2002,Lake,31.26,None
2,2008,Well,59.98,None
8,2002,Tap,58.77,Boiling
5,2010,River,96.32,Boiling
10,2011,Well,46.87,Boiling
8,2011,Lake,38.57,None
10,2002,Well,39.96,Boiling
7,2020,Well,66.41,None
9,2006,Spring,57.36,None
2,2013,Well,82.79,Filtration
9,2023,Pond,52.62,Boiling
7,2010,Well,38.96,Filtration
2,2006,Pond,57.08,Filtration
6,2024,Tap,91.81,Boiling
6,2020,Well,58.39,None
10,2009,River,88.35,None
7,2010,Pond,56.01,None
10,2014,Pond,49.7,Boiling
4,2018,Lake,84.24,None
8,2015,Tap,44.65,Filtration
3,2021,Well,46.23,Chlorination
4,2020,River,33.49,Boiling
8,2019,Lake,43.15,Chlorination
2,2011,Tap,56.52,Filtration
10,2017,Pond,57.97,Chlorination
2,2022,River,59.44,Filtration
2,2012,Well,63.58,Chlorination
8,2004,Spring,70.03,Chlorination
7,2003,Spring,43.26,None
8,2013,Tap,72.98,Chlorination
1,2007,River,53.56,Filtration
6,2008,Lake,81.38,Filtration
6,2024,River,69,Filtration
4,2018,Pond,68.8,Boiling
6,2002,Spring,77.98,Filtration
8,2004,Tap,53.31,Boiling
5,2020,Well,60.05,Filtration
10,2017,River,70.8,Boiling
8,2000,Spring,59.51,Chlorination
8,2007,Lake,61.1,Chlorination
3,2018,Tap,49.07,Filtration
10,2016,Well,50.12,Boiling
1,2016,River,78.93,None
6,2010,Lake,30.3,None
10,2001,Well,36.67,None
6,2005,Pond,96.42,Chlorination
4,2021,Spring,43.09,Chlorination
10,2013,Pond,59.27,Boiling
6,2002,Spring,89.48,Filtration
1,2011,Lake,30.01,Chlorination
9,2003,Pond,94.76,Filtration
2,2011,Spring,33.74,None
2,2012,Tap,41.96,None
1,2001,Lake,32.04,Filtration
3,2001,Spring,66.37,Boiling
9,2014,River,96.02,None
4,2022,Spring,88.73,Boiling
1,2016,Pond,74.78,None
2,2006,Tap,42.98,Chlorination
2,2013,Well,90.87,None
2,2011,Well,82.83,Boiling
7,2016,Spring,48.68,Chlorination
1,2013,Well,86.36,None
8,2005,Spring,91.4,Chlorination
4,2018,Tap,78.88,Chlorination
2,2023,Well,37.03,None
6,2005,Pond,98.9,Filtration
1,2017,Pond,35.32,Filtration
7,2023,River,75.81,Boiling
1,2004,Spring,37.74,Boiling
4,2023,Well,93.38,None
7,2023,Pond,54.5,Chlorination
4,2005,Tap,65.81,Chlorination
1,2001,Tap,42.51,Filtration
8,2007,River,68.26,Filtration
4,2014,Tap,95.72,Chlorination
7,2014,Tap,93.11,Chlorination
7,2010,Well,34.47,Boiling
4,2021,Spring,56.48,Chlorination
5,2021,Lake,48.72,Chlorination
1,2023,Tap,63.7,None
5,2000,Tap,88.36,Chlorination
3,2017,Lake,81.72,Filtration
1,2011,Tap,54.08,Filtration
4,2011,Well,56.79,Boiling
9,2024,Well,75.8,Boiling
4,2010,Lake,43.6,None
5,2007,Pond,37.19,Boiling
8,2006,Tap,46.98,Chlorination
4,2022,Pond,38.68,Chlorination
4,2020,Tap,54.64,None
8,2001,Spring,95.63,Filtration
4,2010,Tap,38.42,Chlorination
2,2021,Well,87.28,Chlorination
9,2009,River,67.43,None
6,2002,River,74.3,Filtration
9,2019,River,41.91,Boiling
4,2009,River,40.6,Chlorination
2,2017,Pond,41.39,Filtration
1,2013,Pond,76.69,None
4,2017,Tap,82.35,None
5,2023,Pond,94.42,Filtration
2,2007,Tap,57.87,None
8,2009,Spring,62.34,Boiling
2,2021,Tap,62.87,Filtration
8,2012,River,48.89,Boiling
3,2020,Lake,52.98,None
6,2007,Lake,89.28,Boiling
10,2003,Well,54.06,Boiling
2,2003,Well,90.84,Boiling
7,2004,Tap,51.37,Boiling
5,2000,Lake,53.79,Filtration
4,2016,River,69.22,None
5,2001,Pond,37.22,None
9,2007,River,94.54,Chlorination
10,2006,River,87.43,Boiling
9,2014,Tap,76.94,Boiling
3,2024,Tap,99.17,Chlorination
10,2004,Spring,31.12,Chlorination
10,2001,River,58.77,Boiling
9,2006,River,90.08,None
8,2007,Tap,60.31,Chlorination
9,2006,Tap,30.37,Boiling
5,2006,Spring,41.04,None
8,2013,Spring,60.39,Filtration
5,2020,Well,76.76,Chlorination
3,2017,Lake,41.39,Chlorination
4,2005,River,61.36,None
1,2003,River,30.9,Filtration
8,2009,Spring,63.43,None
3,2017,Spring,92.71,Chlorination
7,2011,Well,71.77,Filtration
3,2015,Lake,60.85,Boiling
9,2024,Well,41.36,Chlorination
9,2006,Lake,44.17,None
1,2005,Pond,35.36,None
3,2004,River,81.97,None
6,2002,Well,35.4,None
4,2011,Spring,56.88,None
9,2014,Well,82.49,Chlorination
1,2009,Pond,79.9,Filtration
4,2019,Well,70.43,None
3,2018,River,69.99,None
3,2015,Pond,36.32,Boiling
10,2010,Spring,42.24,Boiling
1,2007,Spring,67.43,Filtration
9,2002,Tap,54.37,Chlorination
6,2022,Pond,31.33,Chlorination
3,2006,Tap,85.87,Filtration
6,2022,Tap,75.77,Filtration
3,2006,River,52.8,Filtration
9,2013,Well,36.87,None
4,2001,Spring,71.38,Chlorination
2,2009,Spring,54.4,Filtration
4,2018,Well,47.88,Boiling
3,2008,Spring,80.5,None
5,2015,Well,52.97,None
2,2018,Pond,39.52,None
2,2017,River,63.72,None
6,2008,River,87.99,Filtration
1,2015,River,89.48,None
6,2012,Well,89.45,Boiling
6,2009,Well,59.46,Boiling
5,2024,Lake,85.37,Filtration
4,2019,Spring,89.52,None
4,2013,Spring,62.17,Boiling
7,2011,Lake,52.31,Chlorination
3,2024,Lake,79.14,None
5,2018,River,93.31,Filtration
7,2006,Lake,98.05,Chlorination
9,2022,Well,50.32,None
3,2014,Tap,96.93,Chlorination
3,2015,Well,64.95,None
10,2007,Lake,51.42,None
10,2009,Spring,99.19,Boiling
8,2003,Well,91.45,Chlorination
8,2018,Spring,78.47,Chlorination
6,2018,Well,92.65,Filtration
9,2020,Spring,77.7,Filtration
2,2014,Pond,60.83,Chlorination
2,2013,Well,96.36,Boiling
10,2000,Spring,97.43,Boiling
10,2015,Tap,51.99,None
10,2009,River,54.81,Filtration
5,2018,Well,56.79,Filtration
1,2021,Tap,87.55,Filtration
8,2002,River,85.38,None
5,2004,Well,98.82,Boiling
4,2008,Tap,62.56,Filtration
2,2017,Tap,81.57,None
3,2010,Pond,89.97,Chlorination
8,2015,Tap,45.49,Boiling
7,2001,Pond,73.44,Chlorination
4,2011,Lake,68.34,Filtration
8,2021,Spring,82,None
5,2005,River,78.68,Boiling
9,2010,Spring,86.9,Filtration
3,2007,Spring,51.78,Boiling
8,2011,Pond,45.14,None
1,2001,Spring,86.36,None
10,2008,Tap,55.24,Filtration
10,2014,Pond,50.13,Boiling
3,2001,Spring,53.58,None
5,2000,Pond,34.64,Boiling
10,2009,Lake,84.12,Boiling
8,2001,Pond,80.06,Chlorination
7,2011,Well,68.69,Filtration
2,2022,Tap,80.13,Filtration
2,2007,River,56.12,Boiling
4,2004,Well,50.68,Chlorination
6,2021,Well,90.36,Boiling
9,2000,Well,59.57,Filtration
3,2014,Spring,43.71,Filtration
4,2005,Pond,82.43,Boiling
6,2011,Pond,53.51,Boiling
5,2007,Spring,44.83,Boiling
1,2012,Tap,31.9,Filtration
1,2018,Spring,97.94,Boiling
9,2000,Spring,62.71,Boiling
10,2010,Spring,41.32,None
8,2019,Tap,83.05,Filtration
4,2000,Tap,92.14,Boiling
4,2007,Lake,66.96,Chlorination
3,2004,Lake,31.99,Filtration
3,2016,Lake,55.56,Boiling
1,2007,Lake,47.02,Boiling
1,2024,Pond,74.55,None
7,2009,Well,66.32,None
7,2001,Well,54.9,Filtration
10,2008,Lake,75.4,None
7,2023,Lake,70.91,None
8,2022,River,93.45,Filtration
8,2002,Well,71.78,Chlorination
4,2017,River,65.54,Boiling
2,2006,River,87.66,Boiling
8,2014,Spring,44.17,None
6,2020,Pond,47.05,Boiling
1,2021,Tap,84.85,None
3,2019,Well,60.96,Filtration
7,2017,Lake,58.65,Filtration
4,2024,Lake,92.1,Filtration
9,2002,Tap,72.71,Boiling
3,2022,Well,86.2,None
6,2013,Lake,86.69,None
7,2023,Lake,38.4,Boiling
6,2001,Spring,75.76,Filtration
1,2013,River,96.68,Chlorination
1,2021,Lake,63.6,None
10,2010,Pond,81.25,None
4,2015,Well,69.67,Boiling
3,2007,Pond,44.34,Chlorination
5,2006,Tap,43.66,Filtration
5,2010,Spring,60.37,None
3,2002,Well,63.81,Boiling
9,2016,Spring,65.22,Chlorination
4,2013,River,96.85,Boiling
6,2005,Lake,37.02,Chlorination
9,2007,Well,56.64,Boiling
2,2021,Tap,66.02,Chlorination
3,2004,River,97.42,None
6,2007,River,65.3,Chlorination
5,2001,Spring,84.27,Filtration
8,2014,River,82.45,None
10,2011,Well,69.65,Filtration
5,2016,Spring,39.15,None
4,2000,River,45.31,Chlorination
1,2014,Tap,46.81,None
8,2013,Pond,32.71,Boiling
10,2019,Well,56.55,Chlorination
10,2021,Tap,72.74,Boiling
2,2015,Tap,40.1,Boiling
2,2008,Spring,42.25,Boiling
7,2000,Lake,79.49,Boiling
5,2016,Spring,41.85,Filtration
5,2012,Well,39.47,Chlorination
5,2020,Well,98.45,Boiling
7,2020,Spring,31.03,Filtration
9,2004,Lake,52.78,None
10,2009,Spring,32.45,Boiling
8,2005,Well,88.66,Boiling
4,2023,Lake,70.85,Filtration
10,2018,Well,33.36,None
2,2024,Lake,73.08,None
6,2012,Lake,38.62,Filtration
1,2000,Spring,64.7,Boiling
7,2019,Spring,76.86,Chlorination
3,2024,Spring,40.4,Filtration
6,2014,Lake,64.79,Chlorination
4,2013,Lake,62.02,Boiling
5,2007,Well,94.1,Boiling
2,2009,Tap,99.7,None
2,2008,Spring,75.81,Boiling
2,2016,Pond,89.84,None
5,2008,Well,75.28,None
3,2002,Well,91.34,Boiling
7,2010,River,60.33,None
6,2011,Spring,72.56,Boiling
5,2009,Well,89.16,None
4,2024,River,94.27,None
7,2016,Pond,31.73,Boiling
4,2016,Pond,37.28,Chlorination
7,2024,Spring,95.18,Filtration
3,2010,Lake,69.8,Boiling
1,2021,River,99.31,None
4,2003,Lake,85.48,Filtration
5,2006,Pond,87.27,Chlorination
7,2020,Pond,57.03,Boiling
2,2013,Tap,48.03,None
10,2006,Tap,71.88,None
2,2023,Tap,91.53,Boiling
9,2007,Tap,80.8,None
1,2000,Well,63.05,Filtration
1,2023,Tap,82.72,None
2,2021,Well,78.33,Filtration
6,2003,Well,93.91,Filtration
3,2011,Spring,48.45,Boiling
4,2023,Well,38.35,None
5,2002,Well,62.9,Filtration
1,2012,Tap,55.28,None
2,2019,Well,98.24,Filtration
2,2005,Lake,30.53,Chlorination
3,2010,Tap,95.34,Boiling
3,2022,River,96.86,Boiling
8,2003,Tap,33.57,Boiling
8,2019,Well,92.27,Filtration
6,2015,Lake,62.95,Chlorination
6,2006,Tap,83.63,Filtration
9,2021,Lake,35.55,Boiling
6,2010,River,96.86,Filtration
7,2023,Pond,72.53,Boiling
3,2000,River,92.91,None
5,2006,Pond,77.11,Filtration
7,2011,Spring,67.58,None
4,2006,Pond,42.07,Filtration
2,2022,Spring,42.46,Boiling
6,2006,Tap,63.08,None
2,2009,Spring,90.93,Filtration
1,2015,Lake,38.07,Boiling
9,2007,Spring,99.89,Filtration
1,2008,Lake,91.31,None
9,2008,Pond,57.48,Filtration
8,2001,Pond,47.72,Filtration
2,2012,Pond,94.54,None
9,2012,Spring,38.62,Boiling
10,2022,Pond,54.31,Filtration
7,2022,Spring,35.87,Filtration
9,2003,Spring,96.74,Chlorination
9,2024,Well,73.23,Chlorination
7,2023,Well,53.53,Boiling
2,2011,Spring,49.28,None
2,2016,Lake,61.09,Boiling
7,2001,Tap,36.4,Boiling
1,2012,River,92.25,Boiling
10,2017,Well,65.77,Filtration
5,2014,Spring,80.76,Filtration
4,2007,River,46.36,Boiling
10,2014,Well,65.26,Boiling
2,2000,Tap,44.78,Chlorination
5,2019,Lake,87.13,None
8,2009,Spring,84.27,Boiling
6,2011,Tap,40.37,Chlorination
9,2004,Well,35.22,Boiling
7,2008,Spring,87.69,None
7,2022,River,37.68,Boiling
9,2007,Pond,68.39,None
6,2015,Lake,67.41,Filtration
4,2013,Well,44.21,None
6,2024,Lake,71.39,Boiling
5,2012,Spring,65.19,Chlorination
6,2022,Pond,65.64,Filtration
5,2020,Tap,55.18,Chlorination
6,2012,Lake,88.69,Boiling
4,2004,River,35.91,Filtration
4,2015,Well,60.7,Chlorination
2,2010,River,48.19,Boiling
9,2021,Lake,89.39,Chlorination
4,2004,Pond,45.76,None
5,2012,Tap,83.69,None
4,2010,Tap,72.81,Boiling
2,2024,River,91.24,Chlorination
7,2018,Spring,71.57,Boiling
5,2002,Spring,68.95,Chlorination
2,2014,Pond,86.08,Filtration
1,2006,Tap,69.37,Boiling
1,2006,River,89.12,Boiling
8,2005,River,33.45,Chlorination
6,2002,River,64.66,Boiling
9,2012,Lake,86.89,Filtration
3,2006,Pond,89.39,Chlorination
10,2004,Spring,88.38,Chlorination
2,2022,Spring,72.31,Chlorination
7,2017,Lake,99.58,Filtration
10,2021,Well,42.7,Filtration
7,2007,Lake,42.21,Boiling
10,2016,Pond,32.3,Chlorination
2,2019,River,99.25,Filtration
3,2000,Lake,54.36,None
10,2013,River,83.34,Boiling
2,2016,Pond,34.18,Filtration
4,2009,Pond,50.91,Filtration
3,2011,Tap,73.67,Filtration
5,2015,River,66.73,Boiling
7,2013,Spring,44.54,Filtration
1,2015,Lake,62.31,Filtration
6,2007,Pond,37.61,None
1,2022,River,67.99,None
3,2009,Well,36.79,None
5,2016,Tap,74.52,Filtration
7,2017,Well,40.88,None
5,2019,Pond,68.3,Chlorination
10,2015,Well,39.04,None
7,2016,Well,58.05,None
10,2015,Tap,54.63,Filtration
2,2018,Tap,82.95,Chlorination
3,2023,Tap,74.88,None
2,2023,Tap,95.6,Filtration
8,2007,Well,94.53,Chlorination
5,2005,Spring,80.75,None
10,2005,Spring,83.94,Filtration
4,2020,Tap,73.74,Chlorination
2,2008,Lake,78.42,None
8,2003,River,73.21,Chlorination
9,2011,Pond,51.82,Chlorination
1,2011,Lake,54.55,Filtration
7,2022,Pond,70.23,Boiling
8,2016,Lake,80.41,Chlorination
3,2014,Lake,58.43,Chlorination
2,2008,Spring,39.99,Chlorination
3,2006,River,62.16,Chlorination
1,2009,Lake,97.42,Chlorination
4,2015,Tap,44.99,Boiling
5,2011,Pond,75.43,Filtration
5,2024,Spring,98.78,Boiling
3,2006,Pond,56.34,Filtration
10,2017,Tap,92.15,Boiling
4,2014,Tap,90.48,Filtration
5,2005,Lake,53.73,None
4,2011,Tap,36.9,Chlorination
8,2010,River,42.5,Filtration
4,2019,Tap,55.6,Filtration
6,2002,Lake,97.14,Chlorination
1,2001,Pond,49.21,None
5,2005,Tap,94.88,Chlorination
4,2023,Spring,42.7,Filtration
3,2021,Spring,97.89,Filtration
9,2024,Spring,50.55,Chlorination
6,2004,Pond,74.32,Boiling
6,2017,Well,34.88,Chlorination
10,2015,Spring,50.98,Filtration
4,2007,Spring,44.75,Filtration
10,2024,Well,30.24,Filtration
10,2019,Pond,40.97,None
9,2021,Spring,71.52,Chlorination
8,2010,Lake,57.29,None
4,2009,Pond,80.58,Chlorination
2,2023,Spring,76.98,None
5,2024,Spring,85.95,Boiling
10,2011,Well,90.69,Filtration
1,2020,Lake,87.39,Filtration
7,2005,Pond,61.36,Chlorination
1,2019,Tap,51.61,Filtration
9,2004,River,65.16,None
9,2022,Lake,67.46,Boiling
3,2008,Tap,51.92,None
8,2015,Lake,67.8,None
5,2021,Tap,37.4,Chlorination
10,2013,Tap,46.17,Filtration
1,2021,Lake,82.22,None
7,2007,Well,42.8,Chlorination
9,2019,Lake,39.73,None
9,2018,Lake,50.11,None
8,2013,Tap,55.97,None
7,2006,River,53,Chlorination
7,2004,Tap,56.22,Boiling
8,2017,Spring,39.79,None
9,2001,Lake,41.58,None
5,2010,Pond,46.51,Chlorination
4,2021,Lake,58.14,Filtration
4,2007,Well,53.51,Boiling
8,2000,Pond,85.39,Chlorination
7,2021,Tap,66.79,Filtration
10,2011,Well,70.3,Chlorination
8,2001,Lake,69.24,Chlorination
5,2017,Tap,57.91,Boiling
8,2006,Tap,98.63,Boiling
6,2016,Spring,32.61,Boiling
1,2021,Spring,45.11,Boiling
7,2022,River,49.93,Filtration
3,2013,Spring,91.69,None
3,2023,Pond,94.32,Chlorination
7,2006,Tap,89.23,Boiling
5,2021,Spring,59.19,None
6,2024,River,94.02,Filtration
6,2002,Lake,36.9,Boiling
9,2005,Pond,75.67,Chlorination
1,2019,Spring,95.61,None
4,2001,Tap,82.84,Boiling
2,2016,Lake,49.45,Chlorination
5,2011,Tap,80.23,None
2,2011,Lake,50.63,Chlorination
2,2016,Pond,37.81,Filtration
7,2009,Tap,80.21,Boiling
3,2002,Spring,42.55,Boiling
3,2019,Spring,37.77,Chlorination
4,2017,River,68.62,None
7,2012,Lake,73.44,Boiling
2,2011,River,33.57,Chlorination
10,2016,Well,30.31,Filtration
3,2003,Spring,91.74,Boiling
5,2022,Lake,38.07,Chlorination
5,2009,Pond,70.87,None
9,2010,River,96.75,Boiling
8,2005,Pond,65.83,Boiling
10,2005,Pond,39.79,Filtration
3,2008,Pond,57.54,Chlorination
6,2014,River,73.68,None
3,2001,Well,83.4,Filtration
9,2003,River,72.49,Filtration
5,2004,Tap,32.4,Filtration
2,2016,Spring,40.02,Chlorination
6,2007,River,56.03,Chlorination
7,2007,River,79.4,Boiling
1,2021,Well,70.9,Chlorination
2,2011,Tap,33.13,Filtration
1,2020,River,85.78,Chlorination
10,2007,Spring,72.36,None
8,2018,Spring,92.1,Boiling
6,2002,River,59.24,Filtration
4,2017,Pond,64.31,Boiling
6,2020,Pond,58.39,Chlorination
3,2018,Tap,80.57,Boiling
5,2018,Spring,82.65,Boiling
3,2014,Pond,80.63,Chlorination
3,2005,Spring,50.41,Boiling
10,2015,Tap,74.52,Chlorination
2,2007,Tap,53.7,Filtration
4,2015,Pond,88.39,Boiling
4,2017,River,33.86,None
3,2019,Lake,32.64,None
1,2015,Well,37.12,Filtration
10,2010,Lake,44.17,Chlorination
3,2006,Lake,32.63,Chlorination
8,2016,Spring,35.01,Boiling
5,2016,Tap,51.42,Boiling
2,2011,Spring,36.99,None
7,2012,Pond,86.15,None
8,2009,Well,33.77,Chlorination
1,2006,Pond,93.56,None
6,2013,River,90.96,Chlorination
6,2022,Well,44.59,Filtration
8,2000,Spring,35.01,Filtration
3,2016,Spring,37.39,None
7,2003,Pond,69.14,Boiling
9,2020,Spring,72.06,None
9,2004,Spring,52.09,None
1,2019,Lake,50.78,None
3,2023,River,67.21,Boiling
4,2022,Lake,51.39,None
4,2024,Spring,95.4,Boiling
2,2006,Tap,56.78,None
7,2009,Lake,45.39,Boiling
7,2016,Spring,40.22,Boiling
6,2006,Spring,74.22,Boiling
10,2000,River,52.87,Boiling
1,2006,Pond,43.22,Boiling
9,2023,Well,49.31,Filtration
1,2010,Lake,51.55,Chlorination
4,2008,Lake,73.81,Chlorination
4,2011,Lake,42.23,Boiling
8,2002,Spring,81.3,Chlorination
2,2003,River,51.34,Boiling
7,2003,Spring,64.18,None
5,2024,Spring,75.84,Filtration
1,2012,Pond,68.05,None
4,2022,Tap,76.36,None
10,2018,River,52.58,Boiling
6,2009,Lake,97.44,None
9,2004,Well,62.13,Filtration
2,2006,Lake,52.54,None
10,2023,Spring,50.75,Filtration
2,2015,River,32.99,Filtration
8,2000,River,77.94,Boiling
5,2011,River,48.38,Filtration
4,2001,Tap,97.13,None
6,2006,Lake,44.73,Boiling
10,2010,Tap,67.06,Filtration
2,2012,Pond,81.48,Filtration
7,2001,Well,90.91,Chlorination
8,2006,Pond,40.95,Boiling
7,2014,Spring,98.98,Chlorination
6,2024,Tap,93.47,Filtration
10,2010,Tap,97.4,Chlorination
8,2001,Pond,89.69,None
10,2006,Spring,91.44,None
4,2003,River,71.92,Filtration
3,2010,Spring,89.17,Chlorination
8,2001,Lake,67.38,Chlorination
7,2015,Pond,67.68,Boiling
6,2006,Spring,69.38,None
5,2012,River,99.74,None
4,2004,Spring,37.31,Boiling
3,2016,Tap,86.39,None
5,2020,Well,49.13,Chlorination
9,2011,Tap,55.29,Chlorination
4,2018,Well,35.64,None
6,2006,Spring,54.61,Boiling
2,2005,Lake,99.35,Filtration
8,2007,Spring,57.79,Filtration
10,2012,River,76.88,Filtration
6,2004,Spring,38.45,Filtration
8,2001,Well,94.57,Chlorination
5,2008,Tap,87.94,Filtration
10,2010,Lake,57.04,Chlorination
1,2023,Spring,54.39,Chlorination
7,2005,Spring,60.26,Filtration
9,2006,Tap,58.09,Filtration
4,2024,Lake,48.06,Filtration
6,2006,Pond,99.36,None
9,2018,Spring,86.74,None
2,2005,Spring,48.75,Boiling
8,2010,Pond,98.72,Chlorination
8,2010,Well,31.09,Filtration
6,2006,Well,60.65,None
3,2001,River,69.86,Boiling
3,2018,Tap,32.63,Chlorination
1,2003,Lake,41.27,Chlorination
7,2005,Spring,48.07,Chlorination
10,2016,Spring,80.42,None
2,2024,River,95.78,Filtration
9,2004,Spring,73.72,Filtration
3,2006,Tap,69.39,Chlorination
1,2008,River,67.57,Chlorination
1,2024,Tap,54.55,Boiling
6,2000,River,87.94,Boiling
2,2000,Spring,67.85,Chlorination
5,2018,River,46.11,Boiling
10,2005,Well,39.58,None
7,2017,Lake,98.99,Chlorination
4,2009,Spring,31.22,Boiling
6,2010,Pond,95.34,Chlorination
10,2000,Lake,45.28,Filtration
4,2000,Spring,76.03,None
4,2012,Lake,51.11,Chlorination
2,2004,Well,90.19,Filtration
2,2019,Lake,68.04,Chlorination
9,2000,River,39.87,Filtration
1,2019,Lake,48.89,Boiling
10,2002,Spring,52.42,Filtration
6,2017,Pond,92.01,None
8,2008,Pond,83.67,None
6,2013,Tap,88.07,Boiling
9,2016,Lake,33.66,Chlorination
7,2022,Pond,70.51,None
1,2013,Lake,99.94,Boiling
8,2003,Pond,84.96,None
3,2004,Lake,38.45,Boiling
7,2020,Spring,77.52,None
2,2016,Lake,82.17,Boiling
4,2021,Spring,66,None
3,2024,Spring,35.51,Chlorination
6,2001,Tap,32.43,Filtration
6,2022,Pond,95.65,None
2,2021,River,48.03,Boiling
9,2004,Spring,56.53,Chlorination
10,2003,Pond,85.67,None
3,2003,Well,78.25,Boiling
3,2005,Lake,97.8,Filtration
5,2019,Well,36.5,Boiling
7,2020,Lake,79.48,None
1,2012,Tap,35.76,Boiling
7,2021,Spring,30.01,Boiling
10,2004,River,38.42,Filtration
6,2022,Spring,73.17,None
6,2024,Lake,77.33,None
6,2022,River,60.68,Filtration
5,2006,Spring,33.22,Chlorination
6,2019,River,74.38,Boiling
10,2000,Lake,36.01,Boiling
2,2013,Tap,39.92,Boiling
1,2023,Tap,65.88,None
10,2003,Spring,53.83,None
1,2016,Well,62.53,Boiling
10,2020,Lake,74.46,None
6,2013,Spring,41.2,Filtration
2,2015,Spring,92.52,Filtration
3,2013,Tap,69.16,None
7,2015,River,31.55,Boiling
4,2023,Lake,73.99,Boiling
2,2019,River,62.42,Boiling
3,2007,Pond,79.11,Boiling
9,2023,Pond,84.88,None
10,2002,Lake,95.72,Chlorination
9,2024,Well,99.88,Chlorination
3,2018,Pond,68.47,Boiling
2,2000,Tap,69.31,Boiling
10,2001,Well,31.57,Boiling
4,2014,Spring,90.56,Chlorination
6,2021,Pond,32.01,Filtration
10,2009,Tap,74.29,Chlorination
10,2017,Spring,36.9,None
2,2021,Well,50.01,Chlorination
2,2013,Lake,39.82,None
3,2016,Spring,39.62,Boiling
8,2012,River,35.22,None
10,2000,Lake,52.25,Boiling
7,2004,Lake,59.66,Filtration
10,2012,Well,62.51,Boiling
3,2024,Well,60.78,Boiling
1,2013,Tap,66.66,Filtration
9,2023,Tap,90.19,Boiling
6,2002,River,74.23,Boiling
8,2014,Lake,31.21,Boiling
4,2018,River,42.11,Chlorination
4,2016,River,54.43,None
4,2002,Well,96.43,Boiling
2,2015,River,35.47,Chlorination
4,2013,River,79.71,Boiling
6,2011,Spring,32.32,None
9,2011,Tap,55.38,Boiling
4,2010,Tap,83.91,None
10,2016,Lake,54.08,Chlorination
10,2007,Tap,60.12,Chlorination
2,2016,Pond,93.37,Boiling
6,2020,Lake,34.63,Filtration
9,2024,Spring,66.94,None
8,2022,Tap,55.64,Boiling
3,2019,Spring,97.47,Chlorination
9,2010,Tap,85.56,Boiling
3,2024,Tap,38.55,None
1,2024,Spring,94.92,Boiling
3,2001,River,44.78,None
7,2009,River,35.94,Chlorination
10,2009,River,67.91,Filtration
6,2010,Pond,81.56,Filtration
5,2005,River,80.12,Chlorination
2,2003,Tap,67.38,Chlorination
7,2023,Well,64.49,Boiling
3,2011,Spring,97.87,Chlorination
4,2010,Well,87.44,Chlorination
6,2022,Pond,78.9,None
7,2022,Well,43.66,Boiling
2,2024,Lake,87.38,None
10,2012,River,82.48,Boiling
6,2004,Pond,99.44,Boiling
2,2005,Tap,39.31,Filtration
1,2000,River,80.07,Filtration
1,2005,River,98.54,Chlorination
2,2017,Well,62.38,Boiling
7,2021,Lake,81.34,Chlorination
6,2008,River,98.28,None
7,2023,Spring,68.32,Chlorination
8,2024,Spring,78.93,None
3,2014,River,31.41,Filtration
8,2007,Well,66.38,Filtration
1,2018,Well,47.91,None
10,2023,Tap,39.19,None
9,2015,Pond,79.6,None
3,2005,Pond,32.74,Chlorination
1,2005,Pond,93.34,None
7,2021,Lake,66.24,Boiling
7,2002,Well,75.38,None
7,2009,Tap,47.74,Filtration
10,2000,Spring,42.75,None
8,2013,Pond,47.06,Filtration
9,2003,Spring,46.26,Filtration
7,2011,Spring,90.52,Chlorination
5,2005,River,85.11,None
3,2010,Lake,89.69,Filtration
6,2011,Tap,81.44,Boiling
5,2009,Lake,75.05,None
9,2017,River,66.95,None
10,2006,Tap,48.58,Filtration
9,2006,Tap,79.38,Chlorination
6,2010,Well,39.56,Chlorination
3,2003,Lake,65.77,None
6,2019,Lake,43.67,None
2,2000,Well,65.33,Chlorination
3,2012,Spring,50.57,Chlorination
9,2017,River,33.74,Boiling
7,2008,Lake,65.26,None
9,2023,Well,42.73,None
9,2023,Tap,41.28,None
3,2008,Pond,56.91,Chlorination
2,2022,Well,55.33,Filtration
9,2008,Pond,90.69,Boiling
5,2009,Spring,69.52,Chlorination
1,2001,River,89.82,Chlorination
4,2005,Pond,40.28,Boiling
4,2014,Spring,55.01,None
9,2002,Pond,68.87,Filtration
5,2010,Tap,40.72,Boiling
7,2005,Tap,38.96,Filtration
10,2002,Tap,76.3,None
10,2023,Tap,75.77,Filtration
3,2010,Well,46.39,None
4,2014,Tap,45.9,Chlorination
9,2012,Tap,82.18,None
10,2019,Well,38.19,Boiling
9,2009,Tap,94.63,Boiling
3,2005,Spring,96.06,None
4,2014,Spring,90.97,None
6,2024,Lake,44.75,Chlorination
1,2017,Spring,31.18,Chlorination
1,2017,River,95.57,None
10,2006,River,54.08,Filtration
1,2014,River,51.73,Chlorination
6,2017,Well,48.32,Boiling
9,2017,Spring,47.12,Chlorination
3,2019,River,81.42,Chlorination
6,2008,Lake,93.55,Chlorination
3,2023,Well,85.02,Chlorination
3,2001,Lake,77.19,None
4,2007,Spring,50.14,Chlorination
9,2019,Tap,68.29,Filtration
5,2001,Lake,46.59,Chlorination
1,2010,Tap,37.81,Chlorination
5,2006,Well,38.42,Boiling
4,2005,Lake,72.26,Chlorination
3,2009,Lake,32.69,Boiling
10,2004,Pond,98.13,Boiling
1,2010,Well,99.68,None
1,2000,Well,40.46,Boiling
9,2001,River,59.91,Boiling
2,2023,Spring,83.77,Filtration
8,2000,Lake,96.85,Filtration
8,2018,Lake,92.39,Boiling
8,2001,Well,47.83,None
2,2020,Well,35.96,Filtration
9,2019,Spring,50.21,Filtration
2,2022,Well,60.61,None
8,2020,Tap,55.2,Chlorination
4,2023,Tap,84.17,Filtration
6,2003,Pond,48.05,Boiling
3,2011,Tap,90.1,Boiling
2,2021,Tap,45.79,Boiling
9,2019,Spring,55.29,None
9,2017,Lake,61.35,Boiling
5,2000,Tap,50.39,Chlorination
6,2000,Pond,83.65,None
10,2023,Well,58.67,Filtration
1,2013,Tap,92.09,None
8,2003,Pond,97.45,Boiling
10,2004,Spring,90.19,None
5,2010,Well,66.58,None
8,2023,Pond,65.69,None
6,2022,Tap,45.11,None
5,2012,Lake,71.46,Chlorination
8,2015,Well,96.69,None
6,2023,Well,35.64,Boiling
7,2012,Lake,82.67,Filtration
10,2023,Well,90.87,Chlorination
10,2021,Tap,99.07,None
1,2001,Well,53.43,Filtration
6,2015,Tap,54.89,Chlorination
2,2005,Lake,46.08,Boiling
7,2013,River,85.23,Boiling
4,2000,Lake,39.8,Filtration
8,2016,Tap,48.74,None
7,2010,Spring,50.67,Filtration
6,2018,Lake,56.25,Chlorination
3,2002,Spring,59.52,Filtration
8,2010,Spring,69.13,Filtration
9,2004,Tap,96.39,None
10,2016,Tap,47.31,Boiling
6,2021,River,84.55,None
9,2006,Pond,77.35,Boiling
1,2009,Well,38.12,None
5,2010,Lake,86.73,Boiling
4,2002,Tap,36.34,None
4,2019,Lake,81.72,Boiling
9,2009,Pond,80.11,Boiling
10,2009,Pond,78.26,Boiling
1,2013,Spring,49.37,Boiling